:103100005542200135D0085A824598283140003177
:103110003F4050010F9308249242982820012F83AA
:103120009F4F6EFE0011F8233F4048160F9307246F
:103130009242982820011F83CF435012F923B013E5
:10314000E46AB0133A45B013DAAAB0137C6D0E43AB
:103150003F403C11B0138E6EB0133450B1138A3D12
:10316000B0132A51B013F2BFB013F66AB013DC6E7D
:10317000B013C268B0131C69B290030060110E381E
:1031800030123ACA30123FCA301244CAB113883ED4
:10319000315006003F4053CAB113C447B2900300F8
:1031A0006011113830123ACA30123FCA301244CA84
:1031B000B113883E31500600121292C9301289CAEA
:1031C000B113883E2152B2900300601111383012C1
:1031D0003ACA30123FCA301244CAB113883E315045
:1031E00006001212E4C9301298CAB113883E215267
:1031F000B29003006011113830123ACA30123FCA3F
:10320000301244CAB113883E31500600121258C918
:103210003012A3CAB113883E2152B290030060114C
:10322000113830123ACA30123FCA301244CAB113B0
:10323000883E315006003012CDAB3012AECAB11309
:10324000883E2152B29003006011113830123ACA00
:1032500030123FCA301244CAB113883E31500600C2
:1032600030121A003012C8CAB113883E2152B290EF
:1032700003006011113830123ACA30123FCA3012BE
:1032800044CAB113883E315006001212E6143012BF
:10329000E8CAB113883E2152B290030060110F3882
:1032A00030123ACA30123FCA301244CAB113883EB3
:1032B000315006003012F5CAB113883E2153B29046
:1032C0000300601104383F40E424B0131A61B29047
:1032D0000300601104383F400A00B1138A113D42D7
:1032E0003E40E4243F40B627B1134C480E433F40D4
:1032F000EE11B0138E6E7F43B113E6190B4FB290EF
:10330000030060110F3830123ACA30123FCA30122F
:1033100044CAB113883E3150060030120ACBB113B3
:10332000883E2153B2900300601108380B930324A8
:103330000F4B2F53013C0F43B013E860B2900300D2
:10334000601104383F400A00B1138A11B013B06B0A
:103350003F407EC9B0133A3AB1134E3DB013986D59
:103360000B4FB113623D4B93F923B013226CF63F20
:1033700032D0F000FD3F30407A3300131B140B4372
:103380000A43073C5D030C1002280A5E0B6F0E5EB9
:103390000F6F0C93F7230D93F5230E4A0F4B1A165C
:1033A00010017C4010000D4E0E430F5F0E6E0E9DFF
:1033B00002280E8D1FD31C83F8231001B013A233F3
:1033C0000F4E10010D430F9304343D4003003FE3C3
:1033D0001F530E9303345DE33EE31E530D12B013EF
:1033E000A2333D416DB302243EE31E535DB302247C
:1033F0003FE31F531001B013C4330F4E10012B14C1
:10340000794020000A4C0B4D0C430D430E5E0F6FAC
:103410000C6C0D6D0D9B062802200C9A03280C8A5B
:103420000D7B1ED31983F22329161001B013FE332E
:103430000E4C0F4D10010B140B430F9306343B4001
:1034400003003EE33FE31E530F630D9305345BE33C
:103450003CE33DE31C530D63B013FE336BB3042414
:103460003CE33DE31C530D635BB304243EE33FE3C5
:103470001E530F630B161001B01336340E4C0F4D54
:10348000100137143012400004480549064A074B22
:10349000084309430A430B430C5C0D6D0E6E0F6F1E
:1034A000086809690A6A0B6B0B970E2808200A96B0
:1034B0000B2805200995082802200894052808846F
:1034C00009750A760B771CD391830000E5232153FD
:1034D000341610013B1418411400194116001A410A
:1034E00018001B411A00B0138234381610013B1427
:1034F00018411400194116001A4118001B411A0006
:10350000B01382340C480D490E4A0F4B3816100187
:103510004B141841180019411A001A411C001B4194
:103520001E00B013823417412000874800008749ED
:103530000200874A0400874B0600471610013F141B
:10354000F2B0400023001524E2B2230012203F40D5
:103550005412B013FCC60F9332243D4020000E439A
:103560003F405412B013E0C65F4223007FF0BFFF1C
:10357000183C5F4223004F931B34E2B22300182013
:103580003F405C12B013FCC60F9319243D4020004D
:103590000E433F405C12B013E0C65F4223007FF051
:1035A0007F00C24F23003F400011B013C46E043CA3
:1035B000B01310410F930324B1C0F00010003C166B
:1035C00000133F145F422B007FF0200014243F4083
:1035D0006412B013FCC60F930E243D4020000E432E
:1035E0003F406412B013E0C63F4002C9B013C8ABFD
:1035F000B1C0F0001000C2432B003C1600130F14A2
:103600001F421E01E2B31C000624D253BC24924286
:103610009401B624053CC243BC2492429401BE24CA
:103620000F1600133F14B1134E3D1F422E012F936E
:103630005D20B2B0200060010B241E4274011F42C5
:1036400070011D4270010F9DFA230E8F1E93F1270A
:103650001F4270011E4270010F9EFA232A3CB25095
:10366000000174011E4276121F4278121E530F632E
:10367000824E7612824F78121E4276121F427812C4
:103680003EF07F000FF30E930E200F930C201E428E
:103690007A121F427C121E530F63824E7A12824F9F
:1036A0007C12B0132C511F4270011E4270010F9EFC
:1036B000FA23824F74121F4274121F8274010F93F7
:1036C000CE37B013DE520F931124B013EA521C42CE
:1036D00076121D4278123CE33DE30C5E0D6F0D93B4
:1036E0000534B0139E51B1C0F0001000B113743D09
:1036F0003C1600132F14F2B2070019245E42C424B2
:103700004E930620E2D2D9005F4207007FC2303CD0
:103710005F4266244F4F4D4E8D110F8D1F52C224B4
:103720006F4FC24FDF007E53C24EC424233C5F4222
:1037300007006FF21F245F4267245D42DE004F4F97
:103740005E42C1248E110F8E1F52CC24CF4D00003B
:103750005F42C1247F53C24FC1245F930B205F425D
:1037600067245F930224E2D2D9005F4207006FC250
:10377000C24F07002D1600130F14F2B2DD0004240F
:10378000E2D2D900F2C2DD000F1600133F14B113CC
:103790004E3DB013E0AAB013246E0F9304240338F7
:1037A000B1C0F0001000B113743D3C1600133F147B
:1037B000E2B2650003245F4266000C3C5F42660093
:1037C0002E007E22DE0306244E130F930324B1C085
:1037D000F00010003C1600138243200100133F50FC
:1037E0007FFF2F93032C5F424C2410010F431001E5
:1037F0002183C14F0000C14E01007F405300B01330
:10380000365CB013A45C4F93FC230E416F43B0139E
:10381000D05CB013A45C4F93FC23215310011B1404
:103820004B4F0A4E7F405300B013365CB013A45C7C
:103830004F93FC230E4A4F4BB013D05CB013A45CE3
:103840004F93FC231A1610012183C1430100C14F7D
:1038500000007F405300B013365CB013A45C4F935C
:10386000FC230E415F43B013D05CB013A45C4F93B4
:10387000FC237F405300B013005CB013A45C4F9353
:10388000FC230E411E535F43B013665CB013A45C6F
:103890004F93FC235F410100215310010B140B4F88
:1038A0007E9082FF13207F403000B01348384E4F87
:1038B0001EB2501203242E00B024053C1EB2521238
:1038C00005242E00AC24DE0301244E132F4B0F934E
:1038D00004243F903F010520093CBB403F0100000C
:1038E000053C8B4300007F400300013C5F430B1607
:1038F000100121827F503200C14F02007F405300EF
:10390000B013365CB013A45C4F93FC230E412E53CE
:103910005F43B013D05CB013A45C4F93FC237F4093
:103920005300B013005CB013A45C4F93FC230E4112
:103930006F43B013665CB013A45C4F93FC235F41EC
:1039400001008F106E410FDE21521001C2934C24F2
:103950000A240F9305242F9303242F920124033C60
:10396000B013F23810013F4310010B14CF03600F66
:10397000B024600FAC24F2F03F002200F2F03F00D0
:103980002600F2F03F004100B013AE5C3E4038121A
:103990007F400F00B0131E383B4047120E4B7F4054
:1039A0000500B0131E385E4B05007F403100B01398
:1039B000F0375E4B06007F403800B013F0370E43FF
:1039C0003F400011B0138E6E32C20343F2F03F004D
:1039D0002400F2D0C0FF250032D2D2434C240B1673
:1039E000100132C20343F2F03F0025005E42521242
:1039F0005ED250127EE37F402E00B013F0375E425D
:103A000052127EE37F402F00B013F03732D2C24310
:103A10004C2410010B140B4E3F9081000B200E9391
:103A20000324B0136A39023CB013E239C24B4C2470
:103A30000F43013C3F430B1610010B140B4F033C8B
:103A40000E43B0138E6E3F4B0F93FA230B161001EB
:103A50003F507FFF2F93062C5F422D007FF0200008
:103A60004F4F10010F431001F2B0200028000A2030
:103A70003F406412B013FCC61E430F9301240E4353
:103A80000F4E10011F4310013F90810020205F4224
:103A90002D000E9317247FF020001B200D430E43B2
:103AA0003F406412B013E0C6F2D020002C00F2F0C8
:103AB000DFFF2E00F2F0DFFF2A005F422D007FD0F3
:103AC0002000023C7FF0DFFFC24F2D00023C0F437D
:103AD00010011F431001B013C0BFD2D31A00F2D09F
:103AE00020001E00F2D040001E00D2D319001001A9
:103AF0001F4310011F431001D2C31900F2B203008B
:103B0000FD27C24F6F00D2B36D00FD23D2D3190041
:103B10001001D2C31900F2B20300FD273FD04000CC
:103B2000C24F6F00D2B36D00FD235F426E00C243EF
:103B30006F00E2B20300FD275E426E004E4E8E1013
:103B4000C2436F00E2B20300FD275F426E00D2D392
:103B500019004F4F0FDE1001D2C31900F2B203005B
:103B6000FD27C24F6F00F2B20300FD270F4E8F10EA
:103B70004F4FC24F6F00F2B20300FD27C24E6F00DD
:103B8000D2B36D00FD23F2B20300FD27C2436F00E4
:103B9000D2B36D00FD23D2D3190010010B14D2C390
:103BA0001900F2B20300FD270B4E3BD08000C24B40
:103BB0006F00F2B20300FD275E033EF0C000C24E6C
:103BC0006F000C9309240D3CF2B20300FD270B5F3C
:103BD000E24B6F005E53013C4E434B4E0B9DF42B6A
:103BE0000F3C4D4D0E43093CF2B20300FD274C4CF7
:103BF0000C5FD24CFFFF6F001E534C4D4C8EF423D4
:103C0000D2B36D00FD23D2D319000B1610010B1493
:103C1000D2C31900F2B20300FD27F2403E006F004C
:103C20004D43073CF2B20300FD270B5FE24B6F00F0
:103C30005D534B4D0B9EF62BD2B36D00FD23D2D3BB
:103C400019000B161001D2C31900F2B20300FD27B0
:103C5000C2436F00D2B36D00FD235F426E00D2D32A
:103C6000190010015F424D244F930220E2D225003B
:103C70003F400300B013F83AD243512410015F4291
:103C80001C005F031FF310015F4220005F071FF35A
:103C900010010B14B013C6AA3B4034F30B8FB013C2
:103CA000463C7FF20524B013C6AA0F5B0F93F73B87
:103CB0000B1610011B144A4FB013C6AA3B4034F335
:103CC0000B8FB013463C4FBA0520B013C6AA0F5B4A
:103CD0000F93F73B1A1610010B14D2C31900F2B25E
:103CE0000300FD27F2407F006F00D2B36D00FD237B
:103CF0005D426E004D430C3CC2436F00E2B20300D4
:103D0000FD275B426E004C4D0C5FCC4B00005D53B9
:103D10004C4D0C9EF13B1F43B0136245D2D31900AA
:103D20000B16100121831E430F41B013D83C3F42B4
:103D3000B013F83A3F42B013F83A21531001C2438E
:103D40005124B013923C3F400600B013F83A5F4252
:103D50004D244F930220E2C22500E2B2200002204F
:103D6000B013243D1001D2934E240E20C2934F2451
:103D70000424B013643CC2434F24C293502404244F
:103D8000B0133E3DC2435024F2534E2410010B1495
:103D90004B4FD2534E243F401100B013123B0E4FF5
:103DA0004B9303243ED00008023C3EF0FFF73F4017
:103DB0001100B013583BB013663D0B1610010B14E5
:103DC0004B4FD2534E243F401100B013123B0E4FC5
:103DD0004B9303243ED01000023C3EF0EFFF3F40E7
:103DE0001100B013583BB013663D0B161001D253AF
:103DF0004E24C24F4D244F930524E2C22300E2C259
:103E00002500083CE2C22400E2C22300E2D22500E1
:103E1000E2C22300B013663D10011B1421830A4F38
:103E20000B4E3E907E00162CD2534E243F4009008C
:103E3000B013F83A4F4B6F53C14F00001E430F4170
:103E4000B0130E3C0E4B0F4AB0130E3CB013663D40
:103E50000F43013C1F4321531A161001C2935124F2
:103E60000C20C2934E240324D2434F24063CD24359
:103E70004E24B013643CB013663D1F4310013F90C5
:103E80007D0001242D2CD2534E24C2934E120A24BD
:103E90003F400300B013F83A6F43B013B43C3F40C7
:103EA0000500013C2F42B013F83A3F401605E2B33B
:103EB0001C001324B013463C7FF20420B013663D6F
:103EC0002F431001B013923CC29351240220B0132F
:103ED0003E3DB013663D0F4310013F53E823EE3FD4
:103EE0001F4310010B140B4EB0131A3E0F4BB013AF
:103EF0007E3E0B161001C29351241324C2934E240C
:103F00000324D24350240D3CD2434E24B013463CEC
:103F10007FF20324D2435024023CB0133E3DB01341
:103F2000663D1F4310011B14C2934E240124133C11
:103F3000D2434E24C29351240420B0135C3E1A4352
:103F4000013C0A43C29351240820B013663D0A93F2
:103F50000224B013F63E1B430D3C6F43B013B43C38
:103F60005B4220005B0F1BF30A930224B013F63E62
:103F7000B013663D0F4B1A1610011B1421820B4F14
:103F80000A4EE2B220005224D2534E241E430F4167
:103F90002F53B013D83C5D4102004D9343387D90C0
:103FA000030040284E4D2E830A9E3C280F4BB01331
:103FB000D83C2E430F41B013D83C5F4101004F93D2
:103FC00018346E417E50D3FFC24EB4247FF07F0080
:103FD000C24FB8245F424D244F930D208E116F4283
:103FE000B0139E6A5E42B8247F400300B0139E6AFD
:103FF000023CE14302005F424D244F930D20E2B2A8
:1040000020000A24F2B220000320B013243D043C17
:104010003F400C11B013C46EB013663D5F41020007
:104020002F83053CB013243DB013663D0F4321524E
:104030001A1610010B140B4F2F4F0F9304243F90AF
:10404000810315201B3CBB4081030000153C7E9082
:1040500082FF1220B0131C6AB01366693E408000D4
:10406000B0137A3FB0134A69801362C9EC3F8B43A7
:1040700000007F400300073C5F43053C5F424D2446
:104080004F93E527F93F0B1610010B140B4FD2533A
:104090004E24824F7212B013923C0E4B5E060E5BA2
:1040A0003E502E413F401800B013583BC29351245C
:1040B00004243F400300B013F83AB013663D1F4399
:1040C0000B1610010B142182814F0000814E02005B
:1040D0000B4DD2534E240C432D433E4068010F41FB
:1040E000B0139C3B0C432D433E406A010F412F53BC
:1040F000B0139C3B0B9307241C433D423E406001A0
:104100000F4BB0139C3BB013663D21520B161001B0
:10411000E2C223003F400C11B013C46E9242B62499
:104120006C121F4310010B144B4FD2534E243F40CF
:104130001500B013123B3FF0E0FF0E4B3EF01F00A6
:104140000EDF3F401500B013583BB013663D0B1611
:1041500010010B14D2534E243F401500B013123BF4
:104160000B4FB013663D0F4B3FF01F000B161001B5
:104170001B14C2934E241C20D2434E24C2935124BC
:104180000420B0135C3E1A43013C0A436F43B01352
:10419000B43C3F401300B013123B8F110B4F3B5008
:1041A000D3FF0A930224B013F63EB013663D013CE0
:1041B0000B430F4B1A1610011B140B4E0E93862443
:1041C0003F901900852C5F0600185F4F70C8C00F24
:1041D0003F401200B013123B3FF20324AB430000F8
:1041E000073C1F43C293512401200F438B4F000013
:1041F0000F436F3C9E4272120000FA3F8E43000054
:104200003F401100B013123B3FB0000802249BD383
:1042100000003F401100B013123B3FF01000022499
:10422000ABD300005F424D244F930120E13FABD25E
:104230000000DE3F8E430000C2934E12D9279E43FA
:104240000000D63FB0135241BB40E7FF00000E43D1
:104250000D4E5D025C4D49C90F9C0438DB4D48C9C9
:104260000000193C1E533E92F323C23FD2534E240A
:104270003F401300B013123B0A4FB013663D0F4A84
:104280008F108F113F50D3FFB13FB0137041AE3F3D
:10429000DE42B4240000AB11AB3FDE42B824000084
:1042A000CE430100A53FBE400B000000A13FBE4031
:1042B0001A0000009D3FBE40E7FF0000993F8E437B
:1042C0000000963FBE407D000000923F2F43013C1E
:1042D0001F431A161001D2534E244E4F8E103F40EA
:1042E0001300B013583BB013663D10010B1421832B
:1042F0000B4E3F929A2C5F0600185F4FD4C8C00F38
:104300001E930320B0135C3E8E3C0E930320B0132B
:10431000F63E893C0F4E2F832F93892C0E410F437D
:10432000B013B8412B9327202E412E937C245F435A
:104330001E9301244F43C24F5224B0133E3D3F40D1
:104340001200B013123B824F6E123E400C053F40EC
:104350001200B013583B3F402E00B013123B824F67
:1043600070123E4000183F402E00B013583B2F42C1
:10437000B013F83A583CA193000055203F40060086
:10438000B013F83A1E4270123F402E00B013583B53
:104390001E426E123F401200B013583BC29352248B
:1043A0004224B013643C3F3C0F4E3F50F5FF3F901A
:1043B00010003D2C0F4EB0138A40353C3EB0F8FF44
:1043C00036204F4E5FF3B0138E3D0F4B5F035FF30C
:1043D000B013BE3D0F4B5F075FF3B013EE3D233CC0
:1043E0003EB0FEFF24205BF3C24B4E121C3C0F4E2E
:1043F0003F5019003F901A001A2C1F430E4F5E02C7
:104400005E4E48C98E110E9B03381F533F92F62310
:104410005F025F4F47C9B0132641053C0F4E3F5026
:104420002D00B013D6420F43033C1F43013C2F43E2
:1044300021530B1610010B14B013A2630B4FB013D2
:10444000D63AE2C22500E2C22400E2C2230002DB27
:10445000F2D020001D003F40FA00B0136245F2F098
:10446000BFFF1D003F407F00B0136245F2D0400007
:104470001D003F407D00B01362451F43B013F83A62
:104480007F404000B013B43C5F43B013BE3D5F4378
:10449000B0138E3D3F401100B013123B0E4F3ED083
:1044A00020003F401100B013583B3E4000053F4004
:1044B0001200B013583B3F401700B013123B0E4F91
:1044C0003ED000203F401700B013583B3E407F00D5
:1044D0003F401C00B013583B0E433F401900B0133F
:1044E000583B0E433F401A00B013583B0D430E4358
:1044F0003F43B013C4403F401A00B0138A403F40CE
:10450000D3FFB013D642B013243D4F43B013EE3D5A
:104510000E433F400C11B0138E6E1F430B1610015B
:104520001E4276121F4278121C4276121D427812E9
:104530000E9CF6230F9DF423100132C20343B240B8
:1045400004016001B24010006401B2400001740136
:10455000B2D020006001824376128243781232D2B8
:104560001001023C03433F530F93FC2310013B1403
:10457000084E094FB01320450A4E0B4FB01320458B
:104580000E8A0F7B0F99FA2B02200E98F72B381604
:1045900010011E427A121F427C121C427A121D42E6
:1045A0007C120E9CF6230F9DF42310010E433F4016
:1045B000D611B0138E6E10014B14094F584F2100C5
:1045C0002893033438500300023C384005004F481C
:1045D0007FF00F001A4303247F53CF180A5A3A532F
:1045E0000B4A8B108B118B108B11074B0A930220F7
:1045F0000B930A24B013C86F0C4A0D4B0E4F0F4398
:10460000B0132C340A4E074FA292641114383012A2
:104610002ECB301233CB301237CBB113883E315012
:10462000060008125F4921000F120A12301246CB11
:10463000B113883E315209128C0076470D4A0E475D
:104640000F493F500A00B0139650215347161001EE
:104650007B14094F0A4E0B4D1E4E0400080E174ED8
:104660000400564D2000B290030064110F38301240
:104670002ECB301279CB301237CBB113883E31506C
:10468000060030127ECBB113883E2153B290030056
:10469000641104380F4B2F53B0131A61B29003000A
:1046A00064111238544B2100554B20007F40060006
:1046B000B013AA6A0412051209120F1230128ECB1F
:1046C000B113883E31500A000E4A1F4B2400B0132C
:1046D0005C601F4A0200B013586F1E4A04003F403E
:1046E0002811B013F8620E4A3F402011B013F8624F
:1046F000A29264111B3830122ECB301233CB301201
:1047000037CBB113883E315006003F402011B01323
:1047100054630A4F1F4B2400B013CC600A120F12CF
:104720003012B5CBB113883E315006001F4B240028
:10473000B01346600F930824CB432000CB432100E5
:104740000F4BB013B8450F3C0F4B3F500A00B0134E
:10475000D2500E4B3F407E12B0135C600E4B3F4078
:104760001811B013F8624C460D490E47CF08B0132C
:104770007062741610015B1421820B4F0F9302209C
:104780008000524A1F4F2400B0134660094F0F9318
:1047900002208000524AB290030064110F38301298
:1047A0002ECB301279CB301237CBB113883E31503B
:1047B00006003012ECCBB113883E2153B2900300B7
:1047C000641104380F4B2F53B0131A61B2900300D9
:1047D000641115381F4B2400B013CC60084F5A4B9E
:1047E00020007E4006001F490200B013B46F08127B
:1047F0000A120F12301202CCB113883E31521F49F7
:104800000200B013826F3E40E4247F400C00B013DE
:10481000B46A1E437F400700B0139E6AB013E24C97
:104820000F931B349293641102348000484A301273
:104830002ECB30121FCC301237CBB113883E315003
:1048400006007F400600B013AA6A0F12301223CC74
:10485000B113883E21528000484AB0135069564F28
:104860000200B013AC690A4FB01350690E4A8013AE
:1048700014C9B013D66A4A4F270028C947130F93AB
:104880000124113C4A4A0A930924B013AC698013ED
:1048900018C90F930A242F93DA20053C80132CC9E2
:1048A0000F930120F23F1A433F3C0A933C20B01380
:1048B000C6AA2A002CC93840F3FF088F4A130F9369
:1048C000042447130F9307200C3CB013C6AA0F58BB
:1048D0000F93F43BF63FB013C6AA3840EBFF088FA6
:1048E000083C4A130F93F723801324C90F93F3272F
:1048F000063C4A130F9305244A130F9308202A43BA
:10490000133CB013C6AA0F580F93F33BF53F3E403C
:1049100003000F41801320C91A433F900300042075
:10492000C196020001200A43899304001220A29339
:1049300064118F3830122ECB301247CC301237CB67
:10494000B113883E315006003F404CCCB113C447F0
:10495000803CB290030064110F3830122ECB30121D
:1049600079CB301237CBB113883E3150060030126C
:1049700065CCB113883E2153B29003006411043812
:104980000F4B2F53B0131A61B29003006411123809
:10499000574B2100584B20007F400600B013AA6AF5
:1049A000071208120A120F1230128ECBB113883E72
:1049B00031500A001A9323242A9303340A930724BC
:1049C0003D3C2A930C243A9003003820423CCB43D0
:1049D0002100DB5320000D4B0E490F43323C1E4992
:1049E0000400CB4321005F4B20005F53CB4F2000DE
:1049F0005F9E06001B280D4B0E492F43223C1E498B
:104A000004005F4B21005F537F900600032CCB4FC7
:104A10002100043CCB432100DB532000DB9E060039
:104A2000200004280D4B0E491F430B3C0F4BB013C5
:104A3000B8451F490200B013466F0B3C0D4B0E49A1
:104A40000F4AB0135046053C3A4005006D3F2A42DC
:104A50006B3F2152561610015B14C70F064E7F4064
:104A60000D00B013C86A084FB01364611E437F4045
:104A70000B00B0139E6A3F407E12B01346600C3CA0
:104A80000E480F4B2F53B01322604F930224800027
:104A9000964C0F4BB013DC600B4F0F93F12380004B
:104AA000B04C0E480F4B2F53B0131A60CB4320006D
:104AB000CB4321000F4B3F5022008B4F24008B43F0
:104AC0002200B01340600E4B3F407E12B013A66030
:104AD000E23C3F402011B013BA620A4F0F93932477
:104AE0003F402811B013BA628A4F04000F93752417
:104AF000B013F86E8A4F0200194A04000F9357242E
:104B00007F400500B013AA6A4F930324C94F0600E3
:104B1000023CF942060079070000894604000E4A6B
:104B20001F4B2400B013A660B290030064110F382D
:104B300030122ECB301279CB301237CBB113883EE6
:104B40003150060030126CCCB113883E2153B29024
:104B50000300641103380F48B0131A61B2900300C8
:104B600064111B383F402011B0135463074F1F4B93
:104B70002400B013CC60084F7F400600B013AA6A2F
:104B8000094FB01356690712081209120F1230129A
:104B900078CCB113883E31500A001F4B2400B0136B
:104BA00046600A9F8F200F4BB013B8458B3C0E49CF
:104BB0003F402811B013F862A29364110E383012EE
:104BC0002ECB301247CC301237CBB113883E315048
:104BD00006003F40AFCCB113C4470E4A3F402011FE
:104BE000B013F862A29364110E3830122ECB30123B
:104BF00047CC301237CBB113883E315006003F40CE
:104C0000AFCCB113C4471F4B2400B013CC600F933B
:104C10001C200E4B3F407E12B0135C600E4B3F4099
:104C20001811B013F862113CA29364110E383012BF
:104C30002ECB301247CC301237CBB113883E3150D7
:104C400006003F40DCCCB113C447A29364111B386B
:104C500030122ECB301247CC301237CBB113883EF6
:104C6000315006003F40F0CC0C3C30122ECB3012BD
:104C700047CC301237CBB113883E315006003F404D
:104C80001BCDB113C4471C433D4006000E46CF0761
:104C9000B0137062173C1F4B2400B013CC603F90E0
:104CA00007000124C137153FA2936411DE37EB3FA3
:104CB0003F401811B013BA620B4F0F9302248000CB
:104CC000A24AF23F561610013F402011B0138462F1
:104CD0003F402811B01384623F401811B013846222
:104CE00010011E437F400B00B0139E6A801376C9EB
:104CF000100180137AC91001801330C9100180138C
:104D000034C91001B013584A10010B1421838013C9
:104D100072C90B4F0E413F401800801338C91F93D2
:104D20001220929364111B38301248CD30124DCDB1
:104D3000301251CDB113883E315006003F4060CD56
:104D4000B113C4470C3C0B9302343B4015002F4178
:104D50003F90810002383F4080000F8B013C0F43A1
:104D600021530B1610010B14B01356693F9003002A
:104D70001020A2926411EA38301248CD301293CD3F
:104D8000301251CDB113883E315006003F4097CDCF
:104D9000793CB013F24C0F93133492936411D638CC
:104DA000301248CD30124DCD301251CDB113883E66
:104DB00031500600B01356690F123012A3CD8E3C4D
:104DC0007F400D00B013C86A3E40E424B013226057
:104DD0004F933F20B013D66A4F933B20A2936411A8
:104DE0000F38301248CD3012B7CD301251CDB1133B
:104DF000883E315006003012BCCDB113883E21539D
:104E00003012BCCDB113883E2153B290030064111F
:104E100006387F400D00B013C86AB0131A61B29013
:104E20000300641104383F40E424B0131A61A293D4
:104E300064118C38301248CD3012B7CD301251CDBC
:104E4000B113883E315006003F400A00B1138A1169
:104E50007D3C7F400C00B013C86A3E40E424B01390
:104E600022604F931224A29364117038301248CDFF
:104E70003012B7CD301251CDB113883E31500600FB
:104E80003F40CACDB113C447613CB0137C610F935E
:104E90002924A29364110F38301248CD3012B7CDB7
:104EA000301251CDB113883E315006003012DFCDA3
:104EB000B113883E2153A293641106387F400C0041
:104EC000B013C86AB0131A61A29364113F387F40CF
:104ED0000600B013AA6A0F12301206CEB113883E34
:104EE0002152343CB013EA61B290030064110F38D0
:104EF000301248CD301212CE301251CDB113883E4F
:104F000031500600301217CEB113883E2153B290B3
:104F10000300641106387F400C00B013C86AB01358
:104F20001A61B290030064110F38B01356690B4F29
:104F30007F400600B013AA6A0B120F1230122DCE5A
:104F4000B113883E315006008013EAC90B161001D8
:104F500021830E413F401800801338C90F9312245B
:104F6000929364111538301248CD30124DCD301265
:104F700051CDB113883E315006003F4041CEB113B0
:104F8000C447063CB0135A61B013C84CB013F84C78
:104F9000215310012B140A4F094D2F4F0F93042456
:104FA0003F904A003A20403C3F403C13B0134660DB
:104FB0000B4F093C1D4B06001E4B08000F4B2F5397
:104FC000B013AC522B4B0B93F523D2436524BA405C
:104FD0004A000000273C3F403C13B01346600B4F93
:104FE000193C0F4B2F53099F14200E4B3F403C138D
:104FF000B0135C6019427415924B0E0074153E0B91
:105000001000DE0303241F4B14004E138249741555
:10501000DE3F2B4B0B93E523DA3F8A4300007F40B2
:105020000300063C5F43043C7E9088FFFB23D33F94
:1050300029161001C24365243F403C13B013406061
:105040000E433F403011B0138E6E10012B14094FE8
:105050000A4D0B4E9F4112000E007F0C10009F4125
:1050600010001400C29365240B241B427415B24037
:10507000301174152F53B013AC52824B7415043C8D
:10508000894D0600894E08000E493F403C13B0137D
:10509000A660291610011212741511120800B0131F
:1050A0004C50215210011B140B4FC29365240A244B
:1050B0001A427415B240301174152F53B013BE52FA
:1050C000824A74150E4B3F403C13B013A6601A166B
:1050D00010010B140B4FC293652404242F53B013FB
:1050E0000053043C8F430A008F430C000E4B3F409B
:1050F0003C13B0135C600B1610010B140B4FC293E2
:10510000652404242F53B013D0520D3C3F403C1370
:10511000B0134660033C0F9B05242F4F0F93FB23D6
:105120001F43013C0F430B161001100110012B14FB
:1051300082933E13052082434013824342132D3C49
:10514000B01320451B423E131C4B04001D4B0600B0
:105150002C5B1D6B02000C8E0D7F194B0800133C5D
:105160001A4904001B4906002A591B6902000A8ECD
:105170000B7F0B9D04280D9B04280A9C022C0C4AD3
:105180000D4B194908000993EB230A4C0B4D0A5E9D
:105190000B6F824A4013824B4213291610013F4085
:1051A0003C11B013C46E10012B140A4F2F4F0F93F4
:1051B00004243F9059004D20513C82433E13BA4095
:1051C000590000005F43503C1E4E08000E93012022
:1051D000F43F8E9D0A00F827824E3E13083C8C9DBA
:1051E0000A0004209E4C08000800013C0E4C1C4E96
:1051F00008000C93F423E33F7E9082FFE0231B42E0
:105200003E130943233C0F4BB013FCC60F931B24E2
:105210000D4B7E4088FF1F4B0A00B013326E0F9378
:1052200010208B430A0009930424994B08000800BE
:10523000033C924B08003E138B430800B0132E51E1
:10524000DE3FB0139E51094B1B4B08000B93DB2331
:10525000B63F8A4300007F400300063C7E9087FFF4
:10526000CB231E423E13B23F291610010B140B4FE5
:10527000B0139E518B930A000D241F423E13083C2D
:105280000F9B04209F4274150A000C3C1F4F08001E
:105290000F93F6239B4274150A009B423E130800AD
:1052A000824B3E13B0132E510B1610010B140B4FF3
:1052B000B013E0C60F4BB0136C520B1610010B1459
:1052C0000B4FB01326C70F4BB0136C520B161001C7
:1052D0001E438F930A0001240E430F4E10011F43FB
:1052E00082933E1301200F43100182933E13052445
:1052F0001E4240131F42421310010E430F43100180
:105300000B140B4F1F423E130B9F0520924B0800BE
:105310003E13103C0F4E0F9305241E4F08000E9BAA
:10532000F923053C8B4308008B430A00063C9F4B46
:1053300008000800B0132E51F53F0B1610011F4254
:10534000481110010B140F936B24EF9308004220B7
:105350005C4F07004C930720CF9309001A20DF937E
:10536000040017201A3C5B4F09004B930420CF9395
:1053700004001324513C7C90030007207B90030021
:105380000A20CF9304000924043C6C9304204B931F
:1053900004200B43033C6B93FC231B43CF9304007B
:1053A0002F204C9306205F4F09006F836F932528B1
:1053B000273C6C9308205F4F09006F931E247F9059
:1053C00003001B241D3C7C9003001A20EF9309006E
:1053D0001424163CEF9300001224CF9304000620FF
:1053E0005B4F09007BF003001C4301200C43FFB01E
:1053F0000300070007200B43063C1C43043C0B43FF
:105400000C43013C1B430E9302248E4C00000D9371
:1054100007248D4B0000043C7C900300BA27B53F65
:105420000B1610011B1421820B4F0A4E3D40060043
:105430000E430F4AB1131C4ADBB315000220DA43B6
:105440000000EB931800112CFBB0030017000B2495
:10545000FBB00300190007249B9B1C001E000320C7
:10546000DB431400023CCB4314000D410E412E538C
:105470000F4B3F501000B01344538193020002249D
:10548000EA430300819300000224EA4301005F4BDA
:1054900017007FF003006F836F93042C4F4F5F4F13
:1054A000A6CE013C4F43CA4F02005F4B19007FF06C
:1054B00003006F836F93042C4F4F5F4FA6CE013CC8
:1054C0004F43CA4F040021521A1610016F9308244B
:1054D0003F42073C0D4E0D5FFD9300000224083C47
:1054E0002F433F530D4F1D531D93F4375F4310015E
:1054F0004F4310013150FAFF0E41B01324546F4155
:105500002F535E4101000F5E5E4102000F5E5E415F
:1055100003000F5E5E4104000F5E5E4105000F5EFA
:105520003150060010015C4F01001CF35C0A5D4F16
:1055300002001DF35D0E4CDD6D4F7DF007004CDD6C
:105540005D4F03001DF35D0E5D024CDD5D4F0400F9
:105550001DF35D0E5D064CDDCE4C00005C4F090076
:105560005C0E5C065D4F05005DF34DDC5C4F060094
:105570001CF35C024DDC5C4F07003CF003005C0652
:105580004DDC5F4F08003FF003005F0E4DDFCE4D56
:10559000010010014B143150FAFF0A4F0B4E0E411F
:1055A000B01324540E4B0F4A3F501000B013265531
:1055B000D19300000620DB4A1A0002007F4003005E
:1055C000013C6F43E19301000F204E4F0E5BDE4A1A
:1055D0001C0000004E4F5E534E4E0E5B1D4A1C00D9
:1055E0008D10CE4D00006F53584102004E430D43C5
:1055F0004C480C5A073C074C075D4949095BE94791
:1056000000005E53494F498D3D534E98F4234F5E41
:10561000E19303000F204E4F0E5BDE4A1E00000098
:105620004E4F5E534E4E0E5B1D4A1E008D10CE4DEA
:1056300000006F53594104004E430D434C490C5A2E
:10564000083C084C085D4A4A0A5BDA48080000003A
:105650005E534A4F4A8D3D534E99F3234F5E4F4F51
:1056600031500600471610010B143150F6FF0B4E57
:105670006D4F4E4D7EF00700C14E00004E4D5E0B4B
:105680005EF3C14E01004E4D5E0F5EF3C14E02004F
:105690004C4D5C0F5C035CF3C14C03004D4D5D0F42
:1056A0005D075DF3C14D04005D4F01004F4D5FF399
:1056B000C14F05004F4D5F035FF3C14F06004F4DD3
:1056C0005F077FF00300C14F07004F4D5F0F7FF072
:1056D0000300C14F08004D4D5D0F5D07C14D09002E
:1056E0003D400A000E410F4BB1134C4831500A00A7
:1056F0000B1610013B143150F2FF094F084E0A4DB2
:105700002E93A1380E41B01368563D400A000E4159
:105710000F4A3F501000B1134C48C19305000324B9
:105720000B492B53063CDA4902001A000B493B5047
:1057300003000D413D500A000E413E500C000F4148
:10574000B01344535F4107004F932D2481930A0007
:1057500009246D4B5E4B01008E100D5E8A4D1C00BE
:105760002B53023C8A431C006F930C203E4082C99D
:105770000F4AB0131A60DA4B01000000EA4B010037
:105780002B53183C7F90030015200E4B3E50070012
:105790000F430D4A0D5FED4E00001F533E533F92E5
:1057A000F8233B52073C3E4082C90F4AB0131A60AF
:1057B0008A431C005E4109004E93332481930C0000
:1057C0000E246F4B5D4B01008D100F5D8A4F1E0044
:1057D0002B5381930A0006208A4F1C00033C9A4AEF
:1057E0001C001E006E930D203E4082C90F4A3F529E
:1057F000B0131A60DA4B01000800EA4B09002B5382
:10580000183C7E90030015200E4A3F4007000D4BC8
:105810000D5FEE4D08003F531E533F93F8233B525C
:10582000083C3E4082C90F4A3F52B0131A608A4377
:105830001E000F4B0F890E480E8F8A4E36008A4B82
:105840003400089F01340F4331500E003816100108
:105850001B143150C8FFB01356690B4FB013666963
:105860000D410E4BB013F4560B4F0F930120303CFB
:10587000B01330690F932C245E4110007F400B0061
:10588000B0139E6A5E4113007F400700B0139E6A0A
:10589000C19317002B241A411C00B0133E530A9FDA
:1058A0001924B1931C001624A293621111383012EE
:1058B000A8CE3012B3CE3012B8CEB113883E3150DC
:1058C000060011121E003012C7CEB113883E2152BD
:1058D0003B43603C0E415F411700B013CC544F93E3
:1058E00005200E417F400D00B013B46A0E413E52B8
:1058F0007F400C00B013B46AC193150003205E41D1
:105900001A00013C3E437F400600B0139E6AB290ED
:105910000300621112383012A8CE3012E1CE3012DC
:10592000B8CEB113883E315006005F4110000F120F
:105930003012E6CEB113883E2152B29003006211BC
:1059400006387F400C00B013C86AB0131A61B290D9
:105950000300621104383F402000B1138A11B29055
:105960000300621106387F400D00B013C86AB013FF
:105970001A61B290030062110D38B013AC690A4F7E
:10598000B01356690A120F120B123012EFCEB11378
:10599000883E31520F4B315038001A1610012B142B
:1059A000CA0F494E0B4DDF0302240D931320B29012
:1059B000030062115D383012A8CE3012E1CE3012F1
:1059C000B8CEB113883E315006003F40FCCEB11333
:1059D000C4474E3C7F400B004A13CB4F1000CB43D3
:1059E000120049930324CB431300053C7F4007007A
:1059F0004A13CB4F1300CB4315007F424A13CB4FC2
:105A00001600DB431800CB4311007F4006004A1309
:105A1000CB4F1A00B0133E538B4F1E007F4009003E
:105A20004A131F930320CB431900033CFB400300A0
:105A30001900B0133E538B4F1C007F400A004A13DD
:105A40001F930320CB431700083C49930324EB43E7
:105A50001700033CFB4003001700EB9319000324DD
:105A6000EB9317000320DB431400023CCB431400EC
:105A7000291610011B143150C8FF0A4FB0133E53B2
:105A80003F930120823C3D4038000E430F41B1134B
:105A90001C4AB013D66A0D414E4F8F00AA6AB0134C
:105AA0009E59B013D66A4F930524F1430000F14389
:105AB0000100083C7F400D00B013C86A0E4F0F4133
:105AC000B0131A607F400C00B013C86A0E4F0F412C
:105AD0003F52B0131A60B0136669814F3400B0139F
:105AE0005669814F36000F41B013F4540B4F0A939F
:105AF0004D24B013B8690F933524B01350690E4F7D
:105B00000F41B0139455B290030062111238301255
:105B1000A8CE3012E1CE3012B8CEB113883E31504B
:105B200006005F4110000F1230123BCFB113883EC8
:105B30002152B2900300621103380F41B0131A6171
:105B4000B290030062112238B013AC690A4FB0134F
:105B500056690A120F120B123012EFCEB113883EA3
:105B60003152143C9293621110383012A8CE301288
:105B700045CF3012B8CEB113883E315006000B121B
:105B8000301249CFB113883E21523B430F4B315065
:105B900038001A1610011F43B013745A10010F4336
:105BA000B013745A10010B140B4F2F4F0F93042492
:105BB0003F903C0015201B3C3D4000050E433F40FC
:105BC0004413B013AC523F4064CFB113C447BB4041
:105BD0003C0000000A3C3F404413B013BE52F33F68
:105BE0008B4300007F400300093C5F43073C3F407C
:105BF0004413B013D0520F93F827ED3F0B1610014A
:105C0000D243D900F2400F00D800F24081FFD90002
:105C1000D2424F12DA00D2426824DB004F4F824F4B
:105C20007E01F2F0EFFFD900D2C3D900F242DC00CE
:105C3000E24206001001D2D3D900F2D00F00D80002
:105C4000F24081FFD900D2424F12DA00D2426824DA
:105C5000DB004F4F824F7E01D2C3D900F242DC00FD
:105C6000F24206001001C24F6724C24FC124824E87
:105C7000CC24E2B3D900FD23F2B2DD00FA235F4267
:105C800067245F930B2032C20343E2D3D900E2B30F
:105C9000D900FD23E2D2D90032D2023CE2D3D900AE
:105CA0004F4310015F42DD007FF010001001F2D081
:105CB00006003300F2D006004500E2D23200E2C313
:105CC0003200F2D006001200F2D0060031001001BE
:105CD000C24F6624C24FC424824EC224F2D01200A6
:105CE000D9001001F2D070003200F2D07000310003
:105CF00010015E4231007EB0100002244F43023C8E
:105D00007F4010007EB0400002244D43023C7D40A5
:105D100040004FDD7EF0200002244E43023C7E40D6
:105D200020004FDE10015E4231007EF08FFF7FB019
:105D3000100002244D43023C7D4010004EDD7FB038
:105D4000400002244D43023C7D4040004DDE7FF088
:105D5000200002244F43023C7F4020004FDDC24F11
:105D600031001001B013E45C10010B144B4FB01361
:105D7000F25C4FDBB013265D0B1610010B144B4F7A
:105D8000B013F25C4FCBB013265D0B1610013F40F1
:105D9000CE24B013A6503F405611B0138A660A3C79
:105DA0005E4F08005E03CF4E08000E4F3F40561175
:105DB000B0133E660F93F42310010E4F3F4056116F
:105DC000B013C06610010B140B4F0F930120103C51
:105DD000B01320452E8B1F7B02001F9305282F93A5
:105DE000072C3E90002C042C1F43EB920800012C42
:105DF0000F430B1610013B14084F0B4E0A4D0E9328
:105E000005242E9303243E90060064200E483F4054
:105E10005611B013C066094F0F9310200B935A20F0
:105E20000C433D420E483F405611B0136067094F86
:105E30000F935024BF40FF7F0600033C3B900600B9
:105E40004924B0132045894E0000894F02005F4964
:105E500008000F5A3F90110002383F401000C94F10
:105E600008002B9302203A500C000B4A5B0E5B0A91
:105E70000F49B013C65D0F9303247A400A00023C19
:105E80007A4019001C4904000C930320894B04003C
:105E9000213C4A4A3E4064000E8A0F4E8F108F11FB
:105EA0008F108F110D43B0137C33021232C20343A3
:105EB000824B3001824A38011A423A011B423C01AE
:105EC00032413C4064000D430E5A0F6BB013FE3359
:105ED000894E0400381610013B140A4F6F42B0136C
:105EE000AA6A0B4F0E4A3F405611B013C066094FC5
:105EF0000F930D200C433D420E4A3F405611B01304
:105F00006067094F0F936124BF40FF7F06001D4962
:105F100006003D90FF7F0320894B0600313C0E4D6B
:105F20008D108D118D108D110F4D0C4E0D4F0C5C81
:105F30000D6D0C5E0D6F0C5C0D6D0E4C0F4D6A42BD
:105F40000E5E0F6F7A53FC230E8C0F7D0D4B8D1060
:105F50008D118D108D11084B0C4B0C5C0D6D0A4C86
:105F60000B4D0A5A0B6B0A5A0B6B0A5C0B6D3C40CB
:105F700064000D430E5A0F6BB0133634894E060081
:105F80008993040022201F4906003F90FF7F1924B7
:105F90003F505A003F901E0004340F9304340F43C7
:105FA000023C3F401E005F0E3E401E005F0AB013E1
:105FB000C4333F5000013F90810105283F408001DC
:105FC000023C3F400001894F0400381610010B14B9
:105FD0003F405611B0138A660A3C0E4B3F405611A3
:105FE000B01312680E4B3F405611B0133E660B4F74
:105FF0000F93F3230B161001CE033F405611B0133D
:10600000026603128C008E5D3D4000C21E433F407D
:10601000CE24B0139650215310013D42B1134C4889
:1060200010013D42B11320485E430F9301244E43BB
:106030004F4E10010E4F3F40E424B0131A60100180
:106040008F43000010012F4F10012F4F0F9302209C
:1060500010010F4E2E4F0E93FC2310010B142D4FE9
:106060000D9314240C43013C0D4B0D9E0B202E4D23
:106070000C9303208F4E0000023C8C4E00008D4399
:106080000000043C2B4D0C4D0B93EE230B1610011E
:106090001B140B4F0A4EB0135C60AA4B00008B4AD6
:1060A00000001A1610011B140A4F0B4EB0135C604F
:1060B0008B4300000F4AB0134A600F9303208A4BB2
:1060C0000000023C8F4B00001A1610012E4F0F43A8
:1060D000023C1F532E4E0E93FC2310010F930224FB
:1060E0002F4F10010F43100104140441245231506A
:1060F000D8FF0D4F3E4028000F443F50D4FFB1134E
:106100003A3C3F40D4FF0F540F12301287CFB113E7
:10611000883E31502C00041610011B140A4F0F93B7
:106120000D2030128ACFB113883E2153143C1BB38B
:1061300006203F402E00B1138A11013C0B430F4A49
:106140000F5B6F4F0F12301299CFB113883E21525F
:106150001B533B92EC231A161001B013C86FC24FA9
:10616000692410015E4269244F4E5F53C24F692477
:106170004E4E7F400600B0139E6A10014B14B013C0
:1061800020450A4E0B4F09437F400C00B013C86AEC
:106190000E495E020849580E088E07483750A01372
:1061A0000E47B01322604F9319247F400600B013AE
:1061B000AA6A5E48AC130F9E02240F43143C0E4A99
:1061C0000F4B1E8708001F770A001D430F93032003
:1061D0003E90010A01280D430F4D053C195339909B
:1061E0001000D223EA3F471610011B140A437F40D8
:1061F0000C00B013C86A0D4A5D020E4A5E0E0E8D89
:106200003E50A013B01322600B4A1B534F9304203F
:106210000A4B3B901000EB232B830F4B5F025B0E6E
:106220000B8F3B50A0130A3C3D400E000E4B0F4B12
:106230003F500E00B1134C483B50F2FF3B9092137D
:10624000F3237F400600B013AA6AC24FAC13B01309
:106250002045824EA813824FAA137F400C00B01332
:10626000C86A0E4F3F40A013B0131A601A161001EF
:106270000B14CB0F0F4E0E4D0D4CDB0301244B13B3
:106280000B1610010B140B4F1D4F02000E431F4F36
:106290000400B1131C4A021232C20343924B0200A3
:1062A0003201A24B38011D423A0132410E431F4BCD
:1062B0000600B1131C4A0B1610010D4F1C4F0200B3
:1062C0000E43163C1F4D04000F5ECF9300000F20BD
:1062D000DF430000021232C20343824E3201A24D5C
:1062E00038011F423A0132411F5D060010011E5362
:1062F0000E9CE8230F4310010B141C4F06001B4F8C
:1063000002000D430D3C0C9E09201D5F0400CD933F
:1063100000000824CD4300000F43053C2C5F1D53B3
:106320000D9BF1233F430B1610011C4F06000E9CE2
:106330000F28021232C20343A24F3201924F0200D1
:1063400038011D423A0132410D5C1F430E9D012868
:106350000F4310010B140D4F1C4F02000F430E434F
:10636000083C1B4D04000B5ECB93000001201F5323
:106370001E530E9CF6230B1610015F42FD10C24304
:1063800056007F930724D242FD105700D242FC10E2
:1063900056001001F2408DFF5700F24088FF560072
:1063A00010010F4232C203433FF21001B240040217
:1063B0008001B24000518E01B2D02000800192C312
:1063C0008E0192B38E01FD271E429E0192C38E0163
:1063D00092B38E01FD271F429E010F8E3F90F40065
:1063E00019243F90F5000A28F25356005F425600E8
:1063F0007F93E5235F4257007F53093CD2535600F9
:106400005F4256004F93DB235F4257005F53C24FFA
:106410005700D53F82438001100132C20343B113BC
:106420008A3DC2432500C2432D00B0137A63B013E6
:10643000AC6332D21F426E111FB303241F53824F2D
:106440006E118243EC2410010D4F0F9310243E93E4
:106450000E24021232C20343824E3201924F0200D6
:1064600038011F423A0132411F5D080010010F43FD
:1064700010010F930F241F8276115F01021232C2A6
:106480000343824F3201B240CDCC38011F423A0162
:10649000324110013F4310010D4E0F930A240E9319
:1064A00008241E4F02001D8F08000F4DB013C43387
:1064B00010013F4310012B140A4F0B4E094C0E4D97
:1064C0000F4BB01398640B931B243F9319240D4A70
:1064D0000D5F2F4B7FF00F001E43099308244F934D
:1064E00003247F53CF180E5ECDDE0000073C4F9390
:1064F00003247F53CF180E5ECDCE00001F43013C16
:106500000F43291610011B140A4F0F9302203A4023
:1065100082C93F408014B01346600E3C0E4B2E5390
:106520000F4AB01322604F9304240F4BB0137264D0
:10653000073C0F4BB013DC600B4F0F93EF233F432F
:106540001A1610010B140B4FB01398640B930D2403
:106550003F930B246E4B7EF00F005F4F6A240324A1
:106560007E53CE180F111FF3013C0F430B16100181
:106570005B140B4F464E0A43194A841409931424A2
:1065800037090400D70310240F4BB01372640E4F69
:106590000F49B0134864084F0E4F0F49B0134465BC
:1065A0001F9302200F4847132A533A901000E42308
:1065B0000F4BB0137264CF436A240F4BB013726455
:1065C000CF4372240E4B3F408014B0135C6046935F
:1065D00005240E4B3F407011B013F862561610019F
:1065E0000F930D242E4F0E930A383E9208345E020C
:1065F0001D431F9E841401240D430F4D10010F43B2
:1066000010011B140B4FCA0EB013E0650F93032447
:106610007B0A04000F3C1F4282143F920D2C8B4FCB
:1066200000000E4F1E53824E82147B0A04005F024C
:106630008F4B84141F43013C0F431A1610011B1487
:106640000A4F0B4E0E4B0F4AB01398643F9307242A
:106650000E4F5E025F0A0E5F1E527611013C0E4322
:106660000F4EB013DC60B01372640E4F0F4AB013BC
:1066700048640B4F0F9306240E4F0F4AB013446526
:106680000F93E0270F4B1A1610011B140A4F3F40BF
:106690008014B0134660B01372640E4F0F4AB013EB
:1066A00048640B4F0E4F0F4AB01344650F930520FB
:1066B0000E4B0F4AB0133E660B4F0F4B1A161001CC
:1066C0001B140A4F0F4EB01306650E4F0F4AB0133E
:1066D00048640B4F0E4F0F4AB01344650F930120CF
:1066E0000B430F4B1A1610012B140B4E094DB01310
:1066F000C0660F9303240B435F432C3C0F4BB01336
:1067000006653F93F8233F407011B01354630F9315
:10671000F2233F408014B01346600A4F0B43143CF1
:106720000F4AB0137264CF9372240A200E4A2E537C
:106730000B9302200B4E043C0F4BB013369A0B4FB9
:106740000F4AB013DC600A4F0A93EA235F430B93AE
:1067500001204F4309930224894B000029161001A0
:106760003B142183094F0A4E0F9301204D3C0E9399
:1067700002203A4082C90D410E4A0F49B013E86623
:106780004F9342240F4AB0130665084F3F931B20D6
:1067900028413F407011B013BA620B4F0F93252070
:1067A000089332240F48B01306653F932D240B4FF6
:1067B0005B025F0A0B5F1B52761126244E430F4B80
:1067C000B0137065123C0E480F49B01348640B4F6C
:1067D0001D4902000E43B1131C4A1C430D4B0E49C8
:1067E0003F406A24B013B664103C0E4B3F40801407
:1067F000B013A6600F4BB0137264084F0E4A0F4BD4
:106800002F53B0131A60DF3F0B430F4B2153381641
:1068100010012B140B4F0A4E0C430D4E0E4F3F40F0
:106820006A24B013B664094F0C430D4A0E4B3F4027
:106830007224B013B6640F49291610011C430D4E83
:106840000E4F3F407224B013B66410010C430D4E3E
:106850000E4F3F407224B013B6641001B013986419
:106860003F930A240E4F5E025F0A0E5F1E5276119E
:1068700003240F4E2F5310010F4310012B144A4FC6
:10688000094E3F40E414B0134660153C5A9307206C
:106890003D0B0600DD030C240F494D13073C4A93C2
:1068A00007203F0B0200DF0303244F130F93072041
:1068B0000F4BB013DC600B4F0F93E8230F432916E7
:1068C0001001801310C980135AC98013E6C9100142
:1068D0003150F4FF0C430D433E400C000F41B11307
:1068E000003EF190ADFF00001420F190DEFF0100AA
:1068F00010205F4102008F105E4103000FDE824FC7
:10690000E6143D420E412E523F408828B1134C48B8
:10691000023C8243E61431500C0010013F40EB244E
:106920006E4F5F4FFFFF8F100E5F824EE614100117
:106930001E42EA140E9F0728825FE8140E8F824ED3
:10694000EA141F4310010F431001824FEA14100193
:106950003F40EC1410011F42EA1410015F428224F0
:106960005F52E8141001B0135C694F4F3F50EC14B4
:1069700010013B14084F5B4282241942EA140A4B6F
:106980000A593A9081000F2C0D4B3E40EC14B11384
:106990004C48B01366690D490E4F0F480F5BB11399
:1069A0004C480F4A013C0F4338161001B0135C6984
:1069B0004F4F1F52EA1410010B140B4FB013AC6968
:1069C0000E4F0E5B3E908100122C0E4F3E530F4B2C
:1069D0003F50EC14063C0D4F0D5EDD4EEC140000F4
:1069E0003E530E93F837C25B82241F43013C0F4392
:1069F0000B1610013D4018000E433F40FE24B1131A
:106A00001C4A3E4082C93F40EE24B0131A603E400B
:106A100082C93F40F624B0131A6010018243E81483
:106A20008243EA14C2438224B013F46910011B1498
:106A30000A4F0B4EB0131C6A3B90810002283B406A
:106A400080000D4B0E4A3F40EC14B1134C48824B72
:106A5000EA140F4B1A1610010B140B4E3D40180090
:106A60003E40FE24B1134C483D4010003E40EE2411
:106A70000F4BB1134C480B1610010B140B4E3D403D
:106A800018000E4F3F40FE24B1134C483D4010000B
:106A90000E4B3F40EE24B1134C480B1610014F4FE4
:106AA0005F028F4EFE241F4310014F4F5F021F4FA6
:106AB000FE2410014F4F3F50F4FF5F0A3F50EE2479
:106AC000B0131A601F4310014F4F3F50F4FF5F0A8D
:106AD0003F50EE2410013E4082C93F40F624B013DF
:106AE00022601001B0131A64B013645D7F4010007F
:106AF000B0136A5D100131823E4064000F43B01351
:106B00006E453E4045000F43B113BE11B113E23D47
:106B10007F401000B0137C5DB013D0685F428928BD
:106B20005FD288285FD28A285FD28B285FD28C28D8
:106B30005FD28D285FD28E285FD28F284F93162088
:106B4000F240C1FF8828F2400C008928C2438A28FD
:106B5000C2438B28C2438C28C2438D281F42E614AF
:106B60000E4F8E10C24E8E28C24F8F285E428E2846
:106B70005F428F280F5EB013C26F3D420E430F413C
:106B8000B1131C4A3D423E4088280F41B1134C4886
:106B90000F41B0133460B01336441E433F408100B0
:106BA0008013FAC87F407000B0137C5D3152100131
:106BB0000B143182B013AC455B42E4248B105F426E
:106BC000E5240B5F3D420E430F41B1131C4A3E408A
:106BD000E4240F41B0131A600D410E4B3F40CDAB82
:106BE000B013C440B29003006011113830129ECF30
:106BF0003012A1CF3012A6CFB113883E315006001B
:106C00003012D3FF3012B5CFB113883E21523D4030
:106C1000000F0E433F406C15B013E0C631520B1607
:106C200010010B14B013A2630B4FB013246E0F931B
:106C3000022402DB1E3CB1139A114F93FA233F400A
:106C40006C15B013FCC60F930824B113623D3F408E
:106C50006C15B01326C7B013AC63B113743D8293A7
:106C6000EC24032432D01800023C32D0D800B113F7
:106C70004E3D0B1610011B140B4F4A4EDFB30A009A
:106C800018243C0F0400DC031424824F7415EF43D6
:106C90000A003F524C138F112F832F9303287A90B1
:106CA00083FF05200E4B0F4BB013B66C023CDB4349
:106CB0000A001A1610013B140B4F084E19427415A6
:106CC0001A4276150F4A013C2F4F0F9B03240F9356
:106CD000FB23333C0B933124CB930A001C24CB437E
:106CE0000A00093C0B9A06240D4B7E4087FF0F4A91
:106CF000B013766C2A4A0A93F5233C0B0400DC039C
:106D00000A240B980824824B74150D437E4083FFA0
:106D10000F4B3F524C131F4276150B9F0A20A24B7C
:106D20007615093C2E4F0E9B0320AF4B0000033C11
:106D30000F4E0F93F72382497415381610010B1468
:106D4000C24383241B4276150E3CCB930B000A24CE
:106D5000DB430A00CB430B000D437E4082FF0F4B09
:106D6000B013766C2B4B0B93F0230B1610015F4284
:106D700084244E4F5E53C24E84241001F2408AFF99
:106D80008424C2438524C2438624C243902882437C
:106D900076158243741510012B145F4283244F93A0
:106DA0000224B0133E6D5D4286244D9333245E422F
:106DB00085240C4E5C020F4E5F0A0F8C3F507815F5
:106DC0006A4F194F02001F4F04001E537EF0070048
:106DD000C24E85247D53C24D86240F9312201B4240
:106DE00076150C3C5F4283244F930224B0133E6D12
:106DF0000D494E4A0F4BB013766C2B4B0B93F2237D
:106E0000093C7A9081FF0220DF430A000D494E4A77
:106E1000B013766C5F4283245E4286244F4F0F5E30
:106E2000291610015F4283245E4286244F4F0F5E75
:106E300010011B145B4286247B921B244C4B5C523A
:106E400085243CF007000A4C5A025C0A0C8A3C502C
:106E50007815CC4E00008C4D02008C4F04004F4B37
:106E60005F53C24F8624C29F9028052CC24F9028A2
:106E7000023C1F43013C0F431A1610010B141B4226
:106E80007415B013766C824B74150B1610010B142D
:106E90001B4276150C4B013C2C4C0C9F11240C937F
:106EA000FB230F930D248F4B0000824F7615DF4399
:106EB0000A008F4308000D4E7E4081FFB0137C6EA8
:106EC0000B1610010F9309245E4F0A007E536E9338
:106ED000042CDF430B00D243832410013F40781180
:106EE000B01384623F408011B013846210013F40B0
:106EF0008011B013546310011B143F408011B01374
:106F0000BA620B4F0F931C243F407811B013BA6242
:106F10000A4F8B4F00000F9307200E4B3F4080110C
:106F2000B013F8620B430C3CB01372698A4F8000B7
:106F30000E4A3E509A000F4A3F508200B013586AE2
:106F40000F4B1A1610012F4F0E4F3E509A003F5014
:106F50008200B013586A10010B140B4F0E4F3F40C4
:106F60008011B0132A630F930A242E4B3F407811EF
:106F7000B013F8620E4B3F408011B013F8620B164D
:106F800010010B140B4F0E4F3F408011B0132A63BA
:106F90000F930E242B4B1E4B80000F4BB0132E6A09
:106FA0000E4B3E509A000F4B3F508200B0137A6A4E
:106FB0000B1610014E4E3E5041005E022E5F2F4ECA
:106FC0001001B11316481001B113F04710011B1442
:106FD0000A4F0B4EC29397247320B11306180A93DD
:106FE00004203D4010000E4F023C3D420E4A3F40FF
:106FF000081BB1134C480B9307203E40B6273F4077
:10700000081BB113EE1B073C3D420E4B3E523F4066
:10701000101BB1134C485C430D430E433F40081B0B
:10702000B1136C1AB29003006C110E383012CECF2F
:107030003012D2CF3012D7CFB113883E3150060074
:107040003F40E6CFB113C4473A403A260B435F4A6C
:107050002600CA9314002C246F932A2CB2900300AC
:107060006C110F383012CECF3012D2CF3012D7CFB2
:10707000B113883E315006003012F6CFB113883E6E
:107080002153B29003006C110B380E4B5E020F4E71
:107090005F0E0F8E3F5016003F503A26B013E86047
:1070A000B29003006C1104383F400A00B1138A11FA
:1070B0001B533A501E003B900300C923D243972430
:1070C0001A1610010B140E430F43B013CE6F3F403E
:1070D0003A260B430E435D4F2600CF931400132432
:1070E0005D931120FF90FEFF16000420FF9080FFAB
:1070F000170009240D4E5D020B4D5B0E0B8D3B50AE
:1071000016003B503A261E533F501E003E9003008F
:10711000E2230F4BB113BC190B9302200F932124D0
:10712000B013D4A8701240003C4040000D4F0E4BED
:107130004F43B013627E2153B0139C77B29003008B
:107140006C1121383012CECF3012D2CF3012D7CFBF
:10715000B113883E315006003F40FACFB113C44707
:10716000123C92936C1111383012CECF301210D0E5
:107170003012D7CFB113883E315006003F4014D0B3
:10718000B113C447023C0F43013C3F430B161001AF
:10719000C293202505241F4392922A255A250124B3
:1071A0000F4310010B1404140441345231509CFF5E
:1071B0000B4FB01390710F936824B11336290F93BE
:1071C00052245138B29003006C1114383012CECFD3
:1071D0003012D2CF3012D7CFB113883E31500600D3
:1071E000B11336290B120F12301233D0B113883E6F
:1071F00031500600B113A22B223C0D4B3E406400DF
:107200000F443F5094FFB113D82CB29003006C117F
:1072100013383012CECF3012D2CF3012D7CFB113B5
:10722000883E315006003F4094FF0F540F12301239
:107230005AD0B113883E21520F4BB113AC2B0B4FD8
:107240000F93DB23B29003006C111F383012CECFA6
:107250003012D2CF3012D7CFB113883E3150060052
:107260003F4065D0103CB29003006C110E383012D4
:10727000CECF3012D2CF3012D7CFB113883E31509B
:1072800006003F4078D0B113C44731506400041663
:107290000B1610013B144A4F094E0B4D084C3D4054
:1072A0000C010E433F401625B1131C4A1B92C81116
:1072B0004F20443C301289D030128DD0301291D002
:1072C000B113883E315006000B123012A0D0B1131A
:1072D000883E2152123C92936C1101340E3C3012C4
:1072E00089D030128DD0301291D0B113883E3150F8
:1072F00006003F40C9D0B113C4470F432D3CC24ADA
:107300002125B240A8111E25F240F0FF2325D243CB
:107310002025B2435A25B2435C25B2435825F2409A
:10732000F0FF6825F240F0FF69253D4010000E494E
:107330003F403025B1134C481F430E3C5D411600C1
:107340001E4114000F48B013D0A90F93C427D73F94
:1073500092936C11AF37D13F381610011B140B4FAD
:10736000EF9315001728A2936C110134733C30126F
:1073700089D03012DED0301291D0B113883E315016
:1073800006005F4B15000F123012E3D0B113883E98
:107390002152603C0A4F3A503A005F124F005F4F53
:1073A0004E000F120C4A1D4B10000E4B5F4B180085
:1073B000B013947221520F939D24D24B15002225B5
:1073C000D24B50001625D24B51001725D24B5200FC
:1073D0001825D24B53001925924B20002825924B9B
:1073E00022002A25D24B1A002425D24B1B0025252A
:1073F000D24B1C002625D24B1D002C25924B1E0083
:107400002E2582436C25D24B16006425D24B1400E6
:107410006325D24B17006225C24365251F421E25F6
:107420006F133F400DD1B013E8A2B01344A5B29042
:1074300003006C112338103C301289D03012DED09A
:10744000301291D0B113883E315006003F4012D126
:10745000B113C4470F43523C301289D030122BD1A4
:10746000301291D0B113883E315006005F42212581
:107470000F12301230D1B113883E2152B290030066
:107480006C1104383F403025B013E860B29003001F
:107490006C11053830125DD1B113883E2153B29082
:1074A00003006C1103380F4AB013E860B290030078
:1074B0006C110B3812125A255F4B4E000F1230120E
:1074C00067D1B113883E31500600A2936C110E387B
:1074D000301289D03012DED0301291D0B113883EF4
:1074E000315006003F4075D1B113C447B0136AA6AE
:1074F0001F43043CA2936C119F37AC3F1A16100136
:107500002F92042C5F021F4F8AC910013F40ABD15C
:107510001001C29320250A240F9308243D40100037
:107520003E403025B1134C481F4310010F4310015A
:10753000B29003006C110F38301289D030122BD169
:10754000301291D0B113883E315006003012B3D1C1
:10755000B113883E2153B29003006C1104383F40B0
:107560003025B013E860B29003006C1108385F4218
:1075700021250F123012C0D1B113883E2152B01311
:1075800090710F930E205F4268254F9302345F5332
:10759000033C5F537FF07F00C24F68254F43B01319
:1075A000BE95B013CE5FB0137C9FB113A02CB01367
:1075B000B0A6F2B04000552504243F404025B0134A
:1075C00060A9C24320251001B24003006C25B0130E
:1075D0000CA710010B140B4FC293202554241E42FC
:1075E0005E251F4260253E9302203F934C240C4BA6
:1075F0000D430D9F02280B9E032C0E8C0F7D023C29
:107600000E430F43824E5E25824F60250E93192054
:107610000F931720A2936C110E38301289D03012BC
:10762000DED0301291D0B113883E315006003F4079
:10763000CFD1B113C447B24003006C25B0130CA7DF
:10764000223C1F93202C3E902C011D2C829356250A
:107650001A24A2936C111138301289D03012DED066
:10766000301291D0B113883E3150060012125E25BF
:107670003012EDD1B113883E21521F425625B0136E
:107680002C9BB013A6920B161001C29320250E243A
:107690005D4254255D0B0E4F3F403025B11320480D
:1076A0001E430F9301240E430F4E10010F43100190
:1076B0000B140B4FC29320252424A2936C11103875
:1076C000301289D03012DED0301291D0B113883E02
:1076D000315006000B12301227D2B113883E2152CE
:1076E000B01390710F93022082436C251F421E2518
:1076F0006F13B0137C9F3F403AD2B013E8A2B0138F
:107700000CA70B1610010B140B4FB01390710F93B5
:1077100032245E4262254E9302345E53033C5E5334
:107720007EF07F00C24E6225F240F0FF2325A29337
:107730006C111538301289D03012DED0301291D051
:10774000B113883E3150060012125A255F4262255D
:107750000F120B12301247D2B113883E3152B29041
:1077600003006C1104383F407BD2B013A29D3F4010
:1077700092D2B013B0760B161001C29322250520C9
:107780001F43C29320250920073CC29320250424CF
:107790001F43A2936C25012C0F4310011B14C293AD
:1077A0002025022080009C791B425A25B013FCA69C
:1077B000B29003006C251F200F43B013C49EB24348
:1077C0005A253B93E724A2936C110E38301289D0CE
:1077D0003012DED0301291D0B113883E3150060005
:1077E0003F40A0D2B113C4473F40C4D2B013E8A277
:1077F000B0136AA6CF3CB01390710F93CB201A42FE
:107800005625B013E49FB013C49E1F425625B013F3
:10781000089B824F5A251F42CA11B0138A661C3C2E
:107820000F4BB013089B1F925A250D2C8B93000011
:107830000E208B9302000B20B01320458B4E0000CE
:107840008B4F0200043C8B4300008B4302000E4B25
:107850001F42CA11B0133E660B4F0F93E1230A93E8
:107860000424929258255A25032C92425A255825D1
:107870001B425C253B9334241D425A253D93302402
:107880000E4D0F430C4B0D430E8C0F7D0F930434A4
:107890003EE33FE31E530F630F93223803203E90D5
:1078A00001021E28A2936C111438301289D03012B4
:1078B000DED0301291D0B113883E31500600121242
:1078C0005A2512125C253012D2D2B113883E3150A3
:1078D000060092425A255C253F40F2D2B013E8A23E
:1078E000C2936B255724829356252F240A932A206E
:1078F00092436C253F400AD3B013E8A2A2936C11C7
:107900000F38301289D03012DED0301291D0B1133E
:10791000883E31500600301215D3B113883E2153F2
:10792000A2936C1106381F425625B0132C9BB0133E
:10793000E860A2936C1104383F4024D3B113C447CC
:10794000B0134EA6B01364A31B3C82436C25A293D4
:107950006C110E38301289D03012DED0301291D036
:10796000B113883E315006003F4035D3B113C447B0
:107970003F40C4D2B013E8A2B01334A2B0136AA639
:10798000B29003006C1104383F407AD3B013A29D2B
:10799000C2436B251F421E255F131C001A161001DF
:1079A0006B140B4F074EC29320251E20B01390710D
:1079B0000F931A200F47B0135C730F931520A293F7
:1079C0006C1102348000E07C301289D03012DED09D
:1079D000301291D0B113883E315006003F4088D319
:1079E000B113C4478000E07CC293202502208000B0
:1079F000E07CD7922125180002248000E07C3D40E5
:107A000010000E473F403025B11320480F93022449
:107A10008000E07C97922A251200022C8000D27C04
:107A20005E4717005F426225B01398A80F930C249D
:107A300097922A25120002248000D27C3F409BD3DB
:107A4000B013E8A28000D27CB79312000224D25374
:107A500067255E4262255F471700B01398A80F9311
:107A60006E2492922A255A25212092936C11163861
:107A7000301289D030128DD0301291D0B113883E9F
:107A8000315006005F4717000F125F4262250F1248
:107A90003012B7D3B113883E31500600D2471700D9
:107AA00062253F4005D4B0130677493CA2936C1180
:107AB0001638301289D03012DED0301291D0B11386
:107AC000883E315006005F4717000F125F42622563
:107AD0000F1230121ED4B113883E31500600B0137D
:107AE00090710F932C20A2936C111538301289D00D
:107AF0003012DED0301291D0B113883E31500600E2
:107B000012125A255F4717000F12301260D4B113BA
:107B1000883E31500600B29003006C1104383F409B
:107B20007BD2B013A29DB013B0A60F43B013C49E76
:107B30000F47B0135C733F4092D2B013B0760D473D
:107B40001E430F4BB0130E920F93102092936C11A3
:107B5000C038301289D030128DD0301291D0B1138C
:107B6000883E315006003F4095D4493C0F4BB0133E
:107B7000D09F064F0F930324554F0600023C7540DB
:107B8000F0FF0F4BB013D09F0F9320200F4BB1137A
:107B9000D0140F93A1240C471D430E4F1F42CA114E
:107BA000B01360670F93122092936C1195383012C6
:107BB00089D030128DD0301291D0B113883E31501F
:107BC00006003F40B3D4B113C447863C9F47120020
:107BD0000400DF471900060082935E25132082937C
:107BE000602515240F3C301289D030128DD0301210
:107BF00091D0B113883E315006003F40CAD4B11332
:107C0000C447673C06932F24169256252C20B29029
:107C100003006C110E38301289D030122BD1301283
:107C200091D0B113883E315006003F40ECD4B113DF
:107C3000C4471E422E250F430A4E0B4F7F400500BE
:107C40000A5A0B6B7F53FC23084A094B6F420858B2
:107C500009697F53FC230E480F490E8A0F7B824E21
:107C60005E25824F6025C29322253324069331245A
:107C7000169256252E2045450E455F471900B01334
:107C800098A80F9326245F4223254F9302345F5315
:107C9000033C5F537FF07F00C24F2325A2936C11FA
:107CA0001638301289D03012DED0301291D0B11394
:107CB000883E315006005F4223250F125F471900AE
:107CC0000F120512301200D5B113883E3152B01395
:107CD00064A3B0139C77043C92936C118437F93FF2
:107CE000651610010B140B4F0E9305243F4036D53B
:107CF000B013E8A21C3C0D433E400300B0130E92AB
:107D00000F931524B29003006C110E38301289D0F5
:107D100030122BD1301291D0B113883E3150060071
:107D20003F4044D5B113C4470F4BB0131C930B16FF
:107D300010011B140A4F0B4E5F4E23004F93062079
:107D40000D4E0E4A0F43B113C2292E3C7F930F24D0
:107D50004F4F021232C2034392422E253001824F0E
:107D600038011C423A011D423C013241023C3C4375
:107D70003D431D150D4B0E4A0F43B1130A2A2152E4
:107D80000F93122092936C111738301289D0301251
:107D90008DD0301291D0B113883E315006003F4053
:107DA00061D5B113C447083CCB93250005341E4B65
:107DB00020000F4AB0139CA31A1610012B144B4F2E
:107DC000494E4A4F5E4269250F4AB01398A80F9357
:107DD0000224C24B69255B9268252E204B498B11EA
:107DE0003BE30B5B0B430B6B92936C2508200B93CF
:107DF0000624A2436C253F4084D5B013E8A2B013FB
:107E0000D0A30B931920A2936C111338301289D090
:107E10003012DED0301291D0B113883E31500600BE
:107E2000494909120A1230128ED5B113883E3150D9
:107E30000600B24003006C25291610012B140B4FCD
:107E40000A4E094C0D930224B01344A3099306244F
:107E50000B9304248B4A0400B0139C771F4329160C
:107E600010014B144A4F094E084D074CC293202570
:107E700016243D4010003F403025B11320480F9399
:107E800009205B4262255B53C293622505387BF073
:107E90007F00023C7B40F0FFB0133075023C7B401A
:107EA000F0FF51121A0007120C481D430E494F4AA9
:107EB000B01394722152D2432225B24000042825E7
:107EC000B24080002A25F2422425F2400C002525EC
:107ED000C2432625F2401E002C25B2403C002E2530
:107EE000C2436425C2436325C24B6225B240800071
:107EF0005A25B2435E25B2436025C2436525A2439D
:107F00006C253F40CCD5B013E8A2B29003006C11B1
:107F10001238301289D030122BD1301291D0B113D7
:107F2000883E315006005F4221250F123012D6D50F
:107F3000B113883E2152B29003006C1104383F40C7
:107F40003025B013E860B29003006C1107381212AC
:107F50005A253012FFD5B113883E21524716100121
:107F60003D400C010E433F401625B1131C4A100141
:107F7000C293C4274520F2906300E8274120C293B2
:107F8000E7270320E292E927162492936C113A38EE
:107F9000301231D6301235D6301239D6B113883E70
:107FA000315006005F42E9270F12301248D6B11354
:107FB000883E2152273CC293202505245E4221257C
:107FC0005E92EB27122492936C111C38301231D63A
:107FD000301235D6301239D6B113883E31500600F2
:107FE0003F4079D6B113C4470D3C1D425A254F4D31
:107FF0008F108D104D4D0DDF824DEC27C24EEB27BB
:108000001F4310010F4310012B140B4F7D402B0019
:108010001E42B2273F40BE27B113903B094F3F405D
:10802000D627B0138A760F9301206A3C3E40302554
:108030000F43B1133C290A4F3E40D6270F43B113DB
:108040003C2909930424F9900300020007240F93AC
:1080500046240A9344248F9A100041205E42C5278B
:108060003F4040000F8E0F123012BED6B113883E33
:108070002152B29003006C1103380F4BB013E8602B
:108080003012DBD6B113883E2153B29003006C113D
:1080900004383F40D627B013E8603D4010003E4012
:1080A000D6270F4BB1134C48BB40FE8000008B43DA
:1080B00002008B4304008B4306003012DBD6B11361
:1080C000883E2153B29003006C1103380F4BB0135C
:1080D000E8603F400A00B1138A111F43123CA2928C
:1080E0006C110E38301231D63012E6D6301239D635
:1080F000B113883E315006003F40EAD6B113C44761
:108100000F43291610017B143150ECFF7D402B00EA
:108110001E42B2273F40BE27B113903B064F0F933C
:108120000424FF90030002001224B29003006C119B
:1081300001346A3C301231D63012F7D6301239D6BB
:10814000B113883E315006003F40FCD68E3C5B4F59
:1081500003005F4F0400474F570FC14710007FF0E7
:108160000F00C14F1200584601005853580A38F00A
:10817000F80057460500570F444F554110003A404C
:1081800010000A850F480F870F540E4A3F50E8FF32
:10819000B013C433494F5953B29003006C111838CF
:1081A000301231D63012F7D6301239D6B113883E9C
:1081B0003150060007120812041205124F4B0F121D
:1081C0004F490F1230120AD7B113883E31500E00BA
:1081D0004B9301208C3C499B192C92936C111438C1
:1081E000301231D6301235D6301239D6B113883E1E
:1081F00031500600494909124B4B0B12301260D71F
:10820000B113883E315006000F43723C498B5B939B
:10821000032057411200023C574110004949021205
:1082200032C2034382493201824A38011D423A0177
:1082300032410A4D3A5247473D5018000F463F80A1
:10824000BE270D5F0D873D908D00122892936C1113
:10825000DB3B301231D6301235D6301239D6B1135D
:10826000883E315006003F408BD7B113C447CC3F06
:108270000A563B4010003D4010003E40D6270F41BB
:10828000B1134C480B870F473F5018000D4B0E4A57
:108290003F50BE27B1134C480D4B0E410E570F4AAD
:1082A000B1134C48F6530300B29003006C110F3821
:1082B000301231D63012F7D6301239D6B113883E8B
:1082C000315006003012A7D7B113883E2153B29027
:1082D00003006C1104383F40D627B013E860B29019
:1082E00003006C1104383F400A00B1138A111F4388
:1082F00031501400741610016B140A4F0B4F0B5EB3
:10830000CF9301000420BB90630400001B249293D0
:108310006C11C738301231D6301235D6301239D6FA
:10832000B113883E315006005F4B01000F126F4BB6
:108330000F125F4A01000F123012BDD7B113883EF1
:108340003152AF3CC29320250424DB922125030047
:10835000162492936C11A538301231D6301235D6CE
:10836000301239D6B113883E315006005F4B0300FE
:108370000F123012FCD7B113883E2152923C594B58
:10838000020079B02000122492936C118A383012C6
:1083900031D6301235D6301239D6B113883E31502D
:1083A00006003F4012D8B113C4477B3C89110959DC
:1083B000094309691A4B04004F4A8F108A104A4A30
:1083C0000ADF7F400C00B013C86A0E4F1F42CA116B
:1083D000B013C066054F5C4B02005C0F5C07064C97
:1083E00016F357431A925A25012847430993042448
:1083F000479304240843033C4793FC271843B29057
:1084000003006C110F38301231D63012F7D630120B
:1084100039D6B113883E31500600301221D8B1133D
:10842000883E2153B29003006C1104383F40C627A8
:10843000B013E860B29003006C110538301237D8E1
:10844000B113883E2153B29003006C1104383F40B1
:10845000D627B013E860B29003006C1116381E42A4
:108460005A254747199303203F40B5D7023C3F4068
:10847000BAD7081206120E120A1207120F12301281
:108480003CD8B113883E31500E0008930324FBD032
:10849000400002000C460D480E4A0F45B0133C7ECA
:1084A000013C0F43651610012B1421835C430D41E1
:1084B0001E42B2273F40BE27B113F83A0B4F0F932D
:1084C00043205F434E3C7F902B0006244F932D208A
:1084D000FB90630002002920E94B00005A4B010089
:1084E0001A535A0A0F4A3FE31F53B113AE3A4F9340
:1084F00002204F43363C1E42B2273E50D8FF3F4039
:10850000BE27B113DC3A1D42B2270F4B3F80BE2776
:108510000F9DEF2F3D50BE270D8B0E4B0E5A0F4B6C
:10852000B1133449E1490000113C1E42B2273E50CC
:10853000BE274C430D410E8B0F4BB113F83A0B4F36
:108540000F93BF27094F023C3940C4276F417F90EA
:108550000600B7277F901100B4277F903A00B3231D
:10856000B03F2153291610017B143150EEFFC29306
:108570002025022080009689B290FE80D627022016
:1085800080009689F293D627022080009689B01346
:1085900090710F9302208000C088B013A884B2901D
:1085A00003006C110F38301231D63012F7D630126A
:1085B00039D6B113883E31500600301284D8B11339
:1085C000883E2153B29003006C1104383F40D627F7
:1085D000B013E860B29003006C1104383F40B9D882
:1085E000B113C4473F40D627B0138A760F931320A8
:1085F000B29003006C11023480009689301231D69B
:108600003012F7D6301239D6B113883E31500600F9
:108610003F40BBD81A3C3E40D6270F43B1133C29FC
:108620000A4F0F931620B29003006C1102348000A1
:108630009689301231D63012F7D6301239D6B113AE
:10864000883E315006003F40EED8B113C447800049
:1086500096893E4030250F43B1133C29064F0F93B6
:10866000132092936C11023480008C89301231D621
:10867000301235D6301239D6B113883E315006004B
:108680003F4015D9800024893E40D6270F43B113BF
:1086900078290F93132092936C11023480008C89F7
:1086A000301231D6301235D6301239D6B113883E59
:1086B000315006003F402DD9800024891B4A10000C
:1086C00079400F0047433840A8C9383C0E4B0F4152
:1086D00068134F490D430E410E5DED9ED6270324CE
:1086E0000F9D0634063C1D533D901000F423013CC1
:1086F000494DB29003006C110F38301231D6301250
:10870000F7D6301239D6B113883E315006003012F8
:108710004ED9B113883E2153B29003006C11033837
:108720000F41B013E860B29003006C1104383F4071
:108730000A00B1138A111B4B100057530B931B20D7
:108740004E4744493540100005847B4018004B8952
:108750000F4E3F53021232C20343C2453201C24F91
:1087600038015F423A0132414B5F4F4B7FF00700C7
:1087700005204843053C0B96A923E23F7842488FE9
:108780004B58B29003006C111B38301231D63012A6
:10879000F7D6301239D6814E1600B113883E3150CB
:1087A00006004F480F124F4B0F12041204121E41C5
:1087B00018000E12301257D9B113883E31500C00F8
:1087C0001D42B2274B4B0F4B0F5D3F900105142804
:1087D00092936C11DB38301231D6301235D630120C
:1087E00039D6B113883E315006000B12301298D999
:1087F000B113883E2152CA3C1F4222243F50280018
:10880000044F3450BE270F5B3D50D8FF0E443F50FD
:10881000BE27B11334490D4B0E430F44B1131C4A0C
:10882000D242C427E627F2402B00C4270F4B3F82D9
:108830000F9302340F4B3F535F09C24FE727F240BB
:108840000300E827C247E9274F495F0E4E494E5FB4
:10885000C24EEA274F485F0EC24FEB2748480F4BE6
:108860000F88084F3850E6273740A8C949490951B1
:108870000D3C0E4A0F41671308850D450E490F4800
:10888000B1134C481A4A10000A9303248A96100028
:10889000F0230E4A0F418013A8C93D4010000E413D
:1088A0003F40D627B1134C480F4BB113AE3A1E428E
:1088B000B2273E50D8FF3F40BE27B113DC3A6B3C95
:1088C0003F40C627B113BC190F936224D2923E26B3
:1088D000C5275E20B29003006C110E38301231D6DD
:1088E0003012F7D6301239D6B113883E3150060017
:1088F0003F40DDD9B113C4471D42B2270F4D3F524F
:108900003F900105122892936C114038301231D6F5
:10891000301235D6301239D6B113883E31500600A8
:108920003F40F8D9B113C447313C3D50D8FF3E40D9
:10893000E6270F4E3F52B11334493D420E433F40AC
:10894000E627B1131C4AD242C427E627C243C427F4
:10895000F2406300E827E242E9271E425A250F4E03
:108960008F104F4F4E4E8E100EDF824EEC27D242AC
:108970002125EB273F42B113AE3A1E42B2273E50AB
:10898000D8FF3F40BE27B113DC3A023C0F43043C02
:10899000B013707F013C1F43315012007416100158
:1089A0002B140B4F0B5E5C4B03000D430A4B794AB3
:1089B0000E430F430F498F100EDC0FDD0C430D43A8
:1089C0006D4A0EDC0FDD5C4B02000D434DEC0DECEF
:1089D0008D104C4C8C100EDC0FDD291610010B1481
:1089E0000F5E0E4D8E10CF4E0000CF4D01000B4F8D
:1089F0002B530E4C8E108D104EED0EEDCB4E000015
:108A0000CF4C03000B1610010E5F5D4E01006F4E40
:108A10008F100FDD10010F5E0E4D8E10CF4E000037
:108A2000CF4D010010011B141E4222243E502C0089
:108A30000F4E3F50BE275E4EBE275A4F02005B4F7F
:108A40000300C293202503245E92212512249293D1
:108A50006C114738301236DA30123ADA30123EDA18
:108A6000B113883E315006003F404DDAB113C44780
:108A7000383CB29003006C112038301236DA3012D4
:108A800076DA30123EDAB113883E315006004C4B94
:108A90005E4268254D4A4B9303383F402DDA023C35
:108AA0003F4031DA0C120E120E120D120F1230125C
:108AB0007BDAB113883E31500C00B29003006C1188
:108AC00004383F40C627B013E860B29003006C1131
:108AD00004383F400A00B1138A114E4B4F4AB0137D
:108AE000BC7DB1130E3C1A1610014B143150CAFF55
:108AF0003D4026000E430F41B1131C4A1B42222465
:108B00000A4B3A502C005F4ABE27C14F2200C29345
:108B1000202503245F922125182492936C1102349E
:108B20008000268D301236DA30123ADA30123EDA10
:108B3000B113883E315006005F4122000F123012FF
:108B4000C1DAB113883E2152EE3C3D4010003E4058
:108B5000C6270F413F502600B1134C483D4010003E
:108B60000E430F41B1131C4A3A50BE275942B22757
:108B70007950D4FF498BD1422C2523005F4A010054
:108B8000C14F2500D14A03002000C14321007FF0DE
:108B900040000E240B4A2B523D4010000E4B3F402C
:108BA0003025B11320480F9305203B4014005B3C57
:108BB0002B42593C92936C110F38301236DA301236
:108BC0003ADA30123EDAB113883E315006003012E4
:108BD000EEDAB113883E215392936C1103380F4B98
:108BE000B013E86092936C119E383F400BDBB113D9
:108BF000C447993C0F4A0F5B6E4F4E933124594F37
:108C0000010029537E90050004247E90060029204F
:108C1000173C584F0300C14824003D4010000E434C
:108C20000F413F501000B1131C4A4D483D50070002
:108C30000E4B2E525D0B0E5A0F413F5010000D3C53
:108C4000D14F05002300399014000B380E4B3E50D5
:108C500006003D4010000E5A0F41B1134C48013C34
:108C600019430B59013C47490B97C43BB290030091
:108C70006C111838301236DA301276DA30123EDAE9
:108C8000B113883E31500600C193230003203F40BA
:108C9000B7DA023C3F40C0DA0F12301215DBB113D5
:108CA000883E2152B29003006C1104383F40C62721
:108CB000B013E860B29003006C110B385F412300E1
:108CC0000F121112240030122CDBB113883E3150E8
:108CD0000600B29003006C1105380F413F501000A0
:108CE000B013E860B29003006C1108385F412400B3
:108CF0000F1230124DDBB113883E2152B2900300A7
:108D00006C1103380F41B013E860B29003006C118E
:108D100004383F4069DBB113C4470E410F413F5057
:108D20002600B013327DB1130E3C31503600471689
:108D300010015B14315098FF3D4058000E430F4125
:108D4000B1131C4AF1421A00F1400C001B00B14063
:108D500080002200B1400004200091431000F14047
:108D60001E001D00B1403C001E003D4010003E4072
:108D7000C6270F413F505800B1134C481F422224D0
:108D80005742B2277750D4FF478F3F502C000B4FEC
:108D90003B50BE27D14FBE271800D14B0100170012
:108DA0002E430F4BB013088A814F12005F4B040013
:108DB0004E4F7EF080FFC14E14000E4F3EF0380043
:108DC0005E09C14E15007FF00700C14F1600D14B60
:108DD000050019003D4010000E4B3E520F41B113EB
:108DE0004C483A40180047478000D4900F4B0F5A28
:108DF000684F48930424594F01002953013C1943FB
:108E00000649065A0796153492936C110234800075
:108E10007A91301236DA30123ADA30123EDAB11381
:108E2000883E315006003F407DDBB113C4478000CF
:108E30007A91789003007A246892052C6893022432
:108E40008000AE90083C6892BF2478920224800093
:108E5000AE9080004C90399006001334A2936C11B0
:108E6000023480007A91301236DA3012A2DB3012EE
:108E70003EDAB113883E3150060009123012A7DBEA
:108E8000503C0E4B0E5A5C4E0200C14C50005F4EDF
:108E900003005F02494F0D4A2D520D5B6F4D4F5F2E
:108EA0000F430F6F49DFC14951006F4D5F0F7FF0D6
:108EB0000300C14F52006D4D7DF00F00C14D5300B6
:108EC000D14E050054004C9302208000D2907C903B
:108ED00007000A200E4A3E5006000F4BB013088AC6
:108EE000814F56008000D2906C930720D14E06002F
:108EF0005600D14E07005700EC3CA2936C1102348F
:108F000080007A91301236DA3012A2DB30123EDA6B
:108F1000B113883E315006005F4150000F123012ED
:108F2000D3DBB113883E215280007A913990090039
:108F30001334A2936C11023480007A91301236DA25
:108F40003012A2DB30123EDAB113883E31500600F7
:108F50000912301203DCE53F0F4B0F5A584F020045
:108F6000C1483800D14F030039000E4A2E520F4B32
:108F7000B013A089814E3400814F36004D483D50DA
:108F800007005D090F4D3F5007000F990A34789094
:108F900081FF072C0E4A3E520E5B0F413F502400CA
:108FA000833CA2936C11023480007A91301236DA3D
:108FB0003012A2DB30123EDAB113883E3150060087
:108FC0000912301242DCAD3F399010001124A293F7
:108FD0006C11D338301236DA3012A2DB30123EDA9E
:108FE000B113883E315006000912301279DC993FE6
:108FF000094B095AD14903001A00D14904001B004A
:10900000D14905001C000E4A3E5006000F4BB0131C
:10901000088A814F20000E4A3E520F4BB013088A37
:10902000814F22000E4A3E500A000F4BB013088AAF
:10903000814F1000D1490D001D000E4A3E500E0018
:109040000F4BB013088A814F1E00433C399020001B
:109050001124A2936C119138301236DA3012A2DB4F
:1090600030123EDAB113883E315006000912301238
:10907000B7DC573F0F4B0F5AD14F02004E00D14F74
:1090800003004F000E4A3E520F4BB013A089814E91
:109090004A00814F4C000E4A3E5010003D401000E7
:1090A0000E5B0F413F503A00B1134C48123CA29363
:1090B0006C116338301236DA3012A2DB30123EDA2D
:1090C000B113883E31500600484808123012ECDCDB
:1090D000283F0A460A9702348000EC8DB2900300C4
:1090E0006C111838301236DA301276DA30123EDA75
:1090F000B113883E31500600F293D62703203F403B
:109100006BDB023C3F4075DB0F12301227DDB113E1
:10911000883E2152B29003006C1105380F413F5038
:109120005800B013E860B29003006C1108385F413A
:1091300018000F1230123FDDB113883E2152B29059
:1091400003006C1103380F41B013E860B2900300C4
:109150006C110D38111214005F411B000F125F419A
:109160001B000F12301259DDB113883E31520E41EF
:109170000F413F505800B013A079B1130E3C31504D
:10918000680056161001C29320251220A2936C117C
:109190003B38301236DA3012A2DB30123EDAB1132D
:1091A000883E315006003F4079DDB113C4472C3C66
:1091B000B29003006C110F38301236DA301276DAC2
:1091C00030123EDAB113883E315006003012A4DD71
:1091D000B113883E2153B29003006C1104383F4014
:1091E000C627B013E860B29003006C1104383F400A
:1091F0000A00B1138A111E43F293D62701240E43AD
:109200003F40C627B013E47CB1130E3C10013B1461
:109210000A4F094E084DB11364130B4F0F934020B2
:109220007F400C00B013C86A081209125C434D431A
:109230000E4F0F4AB1133C1221520B4F0F933020A7
:1092400092936C110F38301236DA30123ADA30124B
:109250003EDAB113883E315006003012B9DDB11349
:10926000883E215392936C1103380F4AB013E86083
:1092700092936C1105383012DADDB113883E215318
:1092800092936C1106387F400C00B013C86AB0137B
:109290001A6192936C1104383F400A00B1138A118D
:1092A0000F4B381610010B140B4FB0139C771F4255
:1092B0002224CF43EB273F502C00CF43BE270B93F4
:1092C00002203B402226B29003006C110F3830126E
:1092D00036DA301276DA30123EDAB113883E315087
:1092E00006003012DDDDB113883E2153B290030039
:1092F0006C1103380F4BB013E860B29003006C118F
:1093000004383F400A00B1138A112C430D433E40FC
:109310009B000F4BB113D6230B1610014B14084FB3
:10932000B0139C77B01350A74F93042408930220E6
:109330008000BA951F4222243F502C000B4F3B5017
:10934000BE27DF422125BE27DB4262250100B01384
:1093500050A74F930524FB430200FB430300063C48
:109360001D425A252E430F4BB013168ACB430400DF
:10937000C29363250324FB4080FF04005F42222543
:109380005F0A5FDB04005E4264257EF007004FDE6B
:10939000CB4F0400DB4223250500CB430600CB4323
:1093A00007003D4010003E4030250F4B3F52B113A7
:1093B0004C48B01350A74F934C205E4216254E9355
:1093C0004824EB431800FB4006001900CB4E1A005E
:1093D0005F4217254D4F5D03CB4D1B004F4F5F0E76
:1093E0005F0A5D4218255D0E4FDD5FD21925CB4F18
:1093F0001C007E9007000A20EB431D001D421C2527
:109400003E401E000F4BB013168A0A3C6E930B2091
:10941000EB431D00DB421C251E00DB421D251F0007
:109420003A402000183C92936C11C738301236DA5B
:1094300030123ADA30123EDAB113883E315006006B
:109440005F4216250F123012EFDDB113883E215214
:10945000B43C3A401800094B095AE9420000F9406F
:109460000E000100C9430200D94224250300D9425D
:1094700025250400D942262505001D4228250E4A2F
:109480003E5006000F4BB013168A1D422A250E4A85
:109490003E520F4BB013168A1F421E251D4F20004F
:1094A0000E4A3E500A000F4BB013168AC9430C00F7
:1094B000D9422C250D001D422E250E4A3E500E008D
:1094C0000F4BB013168A074A37501000C293542529
:1094D0003524075BF7420000F9401E001100D94215
:1094E00054251200D942552513001C4250251D4217
:1094F00052250E4A3E5014000F4BB013DE891C4219
:1095000050251D4252250E4A3E5018000F4BB013F5
:10951000DE890F4A3F501C002D420E430F5BB113F2
:109520001C4A0F4A3F5020003D4010003E4040255D
:109530000F5BB1134C48074A37503000B01350A7A7
:109540004F930520089303203B402226013C0B4803
:10955000B29003006C111B38301236DA301276DA12
:1095600030123EDAB113883E315006001E425A25B1
:10957000089303243F4075DB023C3F406BDB0E1237
:109580000F12301229DEB113883E31500600B2901E
:1095900003006C1103380F4BB013E860B290030066
:1095A0006C1104383F400A00B1138A110C471D4367
:1095B0003E409B000F4BB113D623471610013B14BE
:1095C000484FB013D4A8094F1F425625B0132C9B07
:1095D0000A4FB0139C77C29320251020A2936C11E0
:1095E000E538301236DA3012A2DB30123EDAB1132F
:1095F000883E315006003F404BDE123C8293562598
:109600001220A2936C11D238301236DA3012A2DB5B
:1096100030123EDAB113883E315006003F4086DEFC
:10962000B113C447C33C099305240A930324C2938E
:1096300022251820A2936C11B938301236DA301274
:10964000A2DB30123EDAB113883E315006005F4291
:1096500022250F120A1209123012C2DEB113883EFF
:109660003152A43C1F4222243F502C000B4F3B5050
:10967000BE27DF422125BE2748930320CB430100AC
:10968000033CFB4080FF0100CB430200DB42682526
:109690000300FB4005000400FB4012000500CB4323
:1096A0000600FB4080FF07003D4010000E490F4BB5
:1096B0003F52B1134C48FB4006001800FB40140019
:1096C0001900CB431A00CB431B00CB431C00CB48F3
:1096D0001D003D423E4030250F4B3F501E00B11350
:1096E0004C483D420E4A3E520F4B3F502600B113AC
:1096F0004C48B29003006C112038301236DA301228
:1097000076DA30123EDAB113883E315006004C480A
:109710005D426A255E426825489303203F40B7DAE0
:10972000023C3F40C0DA0C120D120E120F12301222
:109730001ADFB113883E31500A00B29003006C1159
:1097400003380F49B013E860B29003006C1105387C
:10975000301256DFB113883E2153B29003006C11D2
:1097600004383F403025B013E860B29003006C111C
:10977000053830125BDFB113883E2153B2900300ED
:109780006C1103380F4AB013E860B29003006C11FB
:1097900004383F400A00B1138A113C402E002D438B
:1097A0003E409B003F403025B113D62338161001B0
:1097B0002B140A4F494E4B4DB0139C771F42222465
:1097C0003F502C000D4F3D50BE27DF422125BE27C4
:1097D000CD430100CD490200CD4B0300B290030000
:1097E0006C111A38301236DA301276DA30123EDA6C
:1097F000B113883E3150060049494B9303383F402E
:109800002DDA023C3F4031DA09120F12301265DFC7
:10981000B113883E31500600B29003006C1103383A
:109820000F4AB013E860B29003006C1107384B4B3D
:109830000B12301283DFB113883E21522C423D407F
:1098400003003E409B000F4AB113D6232916100196
:109850003F408811B11306223F409011B1130622F8
:109860003F409811B11306223F40A011B1130622C8
:109870001001C24316251001B013369B0F93032429
:109880001F4F040010013F431001B01378981E438E
:109890003F900002022401280E430F4E10011B14BA
:1098A0000B4F0F9313241A4F0400B01378980C4FEA
:1098B0000D430E4A0F430C5E0D6F1D93072C3C9316
:1098C000052C0F4BB01378980F5A013C3F431A16E2
:1098D00010012B140B4FB0139E98094F1F425625B1
:1098E000B0139E980A4F8B93000003208B930200C5
:1098F0000F24B01320452E8B1F7B02001F930828D6
:1099000003203E90012C04280F43073C1F43053CD5
:109910003950C0000A99FA2BF73F291610011B1481
:109920000A4FB0139E980B4F0F4AB0138A980F93AB
:1099300007241E433B90018001280E430F4E013C3B
:109940000F431A1610012B140B4F0F9319241A42B0
:109950002A25B0139E98094F0C4A0D431E4B040054
:109960000F430E5C0F6D1F9302283E430F430D49BA
:109970000C430C9F0228099E012C0D4E0F4D013CFB
:109980003F43291610012B140A4F0B4E0F93052449
:10999000B0131E9919430F93012009430B93202400
:1099A0000F4BB0131E990F931F201A3C0F4BB0138F
:1099B000D2980F9313201B9256250A240F4AB013F6
:1099C0009E98094F0F4BB0139E98099F0728123C91
:1099D0000F4AB013D2980F93F1270C3C0B4A0A3C64
:1099E0000993FC230B43063C099304241A92562541
:1099F000E223DC3F0F4B29161001B29003006C11DB
:109A00000E38301294DF301298DF30129DDFB11320
:109A1000883E315006003F40ACDFB113C44710010F
:109A2000B013CC9A0F9305241E421E255E1314001A
:109A300010013F4310012B140A4F0B4E0F4EB01371
:109A4000209A094F0F4AB013209A0F9901280B4A08
:109A50000F4B291610011F4228250F930D240C4F80
:109A60000D431E4258250F430E5C0F6D1F930228B5
:109A70003E430F430F4E10013F4310011F92F82544
:109A800002208243F8251F92E02502208243E02530
:109A90000E4F1F42CA11B0131268B0130CA7100169
:109AA0000B141F42CA11B0138A661F42CA11B013A9
:109AB0008A660B43063C1B530E4F1F42CA11B0135C
:109AC0003E660F93F8230F4B0B1610010E4F1F42EB
:109AD000CA11B013C06610010F9308241E421E2540
:109AE0003E0E0C00DE0302244E1310013F43100112
:109AF0000F9308241E421E253E0E0400DE0302249E
:109B00004E1310013F4310010F9308241E421E25DF
:109B10003E0E1400DE0302244E1310013F431001D9
:109B20000E4F1F42CA11B0135C681001B013209B86
:109B3000B113CA141001B013209BB013BA5D100109
:109B4000B013369BB013C65D10013B14084FC2938F
:109B500020252D241F42CA11B0138A660B4F0A43D9
:109B6000233C0F4BB013089B094F3F9317241F92C0
:109B70002A251428B013569A0F9910281A3C0893D6
:109B800008200E4B0F4A1D421E255D1318000A4F78
:109B9000053C0F4BB013409B0F93F3230E4B1F421A
:109BA000CA11B0133E660B4F0B93DB230A3C0A43EA
:109BB000083C0F4B1E421E255E130C000F93EE2730
:109BC000DE3F0F4A381610017B143150F4FF064F68
:109BD000074E084D0F43B0134A9B814F00000F48BA
:109BE000B013369B054FB01320450A4E0B4F0F485C
:109BF000B0132C9B0D4F0E470F46B1133A3C094F43
:109C00000F97CA34189256250420B1407000020004
:109C1000033CB140200002000F45B013C65D0F9316
:109C20000424B14066000400033CB140200004005D
:109C30000F48B013089B044F3F9307241F922A2517
:109C40000428B013569A0F949F2C3E402000289170
:109C50000420B14062000000033CB140200000003D
:109C600098922A2504000420B14072000600033CAB
:109C7000B140200006000593032454450800013C30
:109C800004430F48814E0A00B013089B814F08001F
:109C90000F48B013F09A11120400111208001E416F
:109CA0000E000E12111208001112100004121112EF
:109CB00016000F12181204003012B8DF0F470F8978
:109CC0000F120F460F590F12B113F03E315018000A
:109CD000095F0997613405931F242E451F45020033
:109CE0000E9302200F9318243C40001E0D43044A9B
:109CF000054B048E057F0E440F45B013FE330E1244
:109D00003012DADF0F470F890F120F460F590F126B
:109D1000B113F03E31520C3C3012EFDF0F470F8988
:109D20000F120F460F590F12B113F03E31500600BB
:109D3000095F099731342E481F4802000E93022014
:109D40000F9316243C40001E0D43044A054B048E1D
:109D5000057F0E440F45B013FE330E123012F7DFAD
:109D60000789071206590612B113F03E31520A3C18
:109D700030120EE00789071206590612B113F03EA1
:109D800031500600095F083C0F48B013D89A0F9372
:109D90005C273E4061005B3F0F4931500C00741658
:109DA00010017B14044134502000315086FF844F51
:109DB000DEFFC293202582245642652518425A258B
:109DC0001F42CA11B0138A660B4FB29003006C1188
:109DD0000F38301210E0301214E0301219E0B113D5
:109DE000883E31500600301228E0B113883E2153DE
:109DF000B29003006C110438B013D4A8B013E8601B
:109E0000B29003006C114638B013A09A054FB013FE
:109E1000569A074F1F421E25194F20005A422225ED
:109E20001F426C25B01300751412DEFF0512464662
:109E300006120712081209120A120F1230123EE01F
:109E4000B113883E31501200253C0D4B3E40780046
:109E50000F443F5066FFB013C89BB29003006C11D3
:109E60001338301210E0301214E0301219E0B11340
:109E7000883E315006003F4066FF0F540F123012EB
:109E800090E0B113883E21520E4B1F42CA11B0130D
:109E90003E660B4F0B93D923B29003006C110E3822
:109EA000301210E0301214E0301219E0B113883E85
:109EB000315006003F4099E0B113C44731507A0059
:109EC000741610010B140B4F1F9256255524B29097
:109ED00003006C110F38301210E0301214E0301211
:109EE00019E0B113883E315006003012AAE0B113D8
:109EF000883E2153B29003006C1106381F4256254C
:109F0000B0132C9BB013E860B29003006C110538BD
:109F10003012BAE0B113883E2153B29003006C11A5
:109F200005380F4BB0132C9BB013E860B2900300C0
:109F30006C1104383F400A00B1138A111E425625A5
:109F40001F42CA11B0134C680E4B1F42CA11B01306
:109F50003C681F425625B0132C9BB1135815B11302
:109F600000150F4BB0132C9B0D430E43B1139415EA
:109F7000824B5625D2436B250B1610010B14B29061
:109F800003006C110E38301210E0301214E0301261
:109F900019E0B113883E315006003F40BFE0B113D5
:109FA000C4470F43B013C49E1F42CA11B0138A6640
:109FB000083C0F4BB0137C9A0E4B1F42CA11B013D2
:109FC0003E660B4F0F93F523B0139C770B161001D1
:109FD000B1136413B1134C130E4F1F42CA11B013C7
:109FE000C06610010B14B01390710F9302240B4341
:109FF000443CB0134A9B0B4F0F93F927B013409B7F
:10A000000F9303248243F825383C8293F8252820B7
:10A01000B29003006C110F38301210E0301214E0CF
:10A02000301219E0B113883E315006003012D6E0EC
:10A03000B113883E2153B29003006C1105380F4BC9
:10A04000B0132C9BB013E860B29003006C1104387D
:10A050003F400A00B1138A11824BF825B0132AA69B
:10A060001B9256250A241F43B0134A9B0F930420CA
:10A07000829356250220BB3F0B4F0F4B0B1610014E
:10A080008E007C9A1F42CA11B01302661001B013F1
:10A090009C771001C29320250224B0133075100163
:10A0A0001B14B013C86F3E408002B013BC330A4F7C
:10A0B0000B4303128C0090A10D4A0E4B3D50400102
:10A0C0000E633F40CA25B013965021531A16100153
:10A0D0001B145D4265257DF01F001E430F434D9309
:10A0E00004240E5E0F6F7D53FA3F7D4007000E5E25
:10A0F0000F6F7D53FC233C40E8030D43B013FE3348
:10A10000824E6E25824F70250A4E0B4F12C30B10E4
:10A110000A10B013C86F0C4A0D4B0E4F0F43B0130B
:10A120007C333C430D43B013FE330E5A0F6B828ECB
:10A130006E25827F7025D2436625C24367250312B0
:10A140008C00C6A10D4E0E4F3F409E25B013965079
:10A1500021531A1610011F42E025B0132C9B0F93B8
:10A160000224B0131C931001D2436A25B013A0A09F
:10A170005F4268254F9302345F53033C5F537FF087
:10A180007F00C24F68255F422C25B013BE95100199
:10A19000D2536A255F422C25B013BE95F29005007C
:10A1A0006A25032CB013A0A010013F400CE1B013AE
:10A1B000B07610013F400A264D436E4F3F50F0FFEE
:10A1C000B013B0971001B0137A770F933224C29373
:10A1D00066252024B01390710F9307205F42262537
:10A1E0004F930324C29F6725062C92425A255C2573
:10A1F0000F43B0131C93C243662503128C00C6A103
:10A200001D426E251E4270253F409E25B01396507C
:10A21000215310015E4265254D4E5F4225255C426B
:10A2200024250F5C0D9F03345E53C24E6525B01389
:10A23000D0A010011B143F40581BB013FA500F93CD
:10A240001524B013C86F3E40000FB013BC330A4F43
:10A250000B4303128C00C2A20D4A0E4B3D508007E7
:10A260000E633F40581BB013965021531A1610012D
:10A27000C293202508243F403C00B013D4753F40D2
:10A280003C00B113B22BC29320250624829356259D
:10A290000324B2935A250220B01334A2B0139C7742
:10A2A000B29003006C1108383F4018E1B013A29D32
:10A2B0003F4018E1B013A4713F406E1BB013A6508D
:10A2C0001001B01390710F930E20C2932025062425
:10A2D000829356250324B2935A2505200F43B013C9
:10A2E000A692B01334A210010B140B4FB0137A775F
:10A2F0000F9326245E4265254E930324C29E252596
:10A300001F2CB29003006C111038301221E1301272
:10A3100025E130122AE1B113883E315006000B12BC
:10A32000301239E1B113883E2152B01350A74F9338
:10A330000720C2436725D24225256525B013D0A04A
:10A340000B161001C29320250C24824FE025031226
:10A350008C0056A10D430E433F40B425B0139650D8
:10A36000215310011B14C29320251624C2932225C9
:10A370001324B013C86F0A4F3AF0FF010B430312C6
:10A380008C0068A10D4A0E4B3D5000010E633F400A
:10A39000CA25B013965021531A1610010B140B4EF8
:10A3A000C293202513243D4010000E4F3F40FA2554
:10A3B000B1134C48824B0A2603128C00B4A10D4302
:10A3C0000E433F400C26B013965021530B1610013C
:10A3D0001B14C293202539245F422C257F933524FA
:10A3E0004F4F021232C2034392422E253001824F58
:10A3F00038011E423A011F423C0132410A4E0B4FC6
:10A400007F4007000A5A0B6B7F53FC23B013C86FC1
:10A410003E40001EB013BC330C4F0D430E4C0F4D8D
:10A420003E50001E0F630F9B04280B9F04280E9ABA
:10A43000022C0A8E0B7F03128C0068A10D4A0E4B72
:10A440003F40CA25B013965021531A161001B0137D
:10A45000C86F3E40002DB013BC330C4F0D430E4C63
:10A460000F4D3E5080160F6310015B14B013204552
:10A47000084E094FC293202561241742F8250793FF
:10A480005E201F4256250F930724B013409B0F9365
:10A49000032017425625533CB013C86F3E400300BB
:10A4A000B013BC331E42CA110F931E240F4EB013BB
:10A4B0008A660B4F3A43153C0F4BB013409B0F93EA
:10A4C0000A200F4BB013089B079303240F9A01280F
:10A4D000023C0A4F074B0E4B1F42CA11B0133E6697
:10A4E0000B4F0B93E9232B3C0F4EB0138A66064F9C
:10A4F0000A430B43203C0F46B013409B0F9315209B
:10A500000F46B013369B0F9310240C480D492C8F27
:10A510001D7F0200079306240B9D04280D9B052830
:10A520000A9C032C0A4C0B4D07460E461F42CA11CB
:10A53000B0133E66064F0693DE23013C07430F47E8
:10A5400056161001C29320250C24B0134EA40312FA
:10A550008C0064A50D4E0E4F3F40E225B01396507F
:10A56000215310011B14B0136AA40A4FB0132C9B83
:10A570000B4F0F9344240F4AB013369B0A4FB290EF
:10A5800003006C110F38301221E1301225E1301236
:10A590002AE1B113883E31500600301259E1B1135F
:10A5A000883E2153B29003006C1103380F4BB01357
:10A5B000E860B29003006C111E380A930B24B013AC
:10A5C00020453C40001E0D432E8A1F7A0200B01326
:10A5D000FE33013C0E438293F82503243F404FE1B4
:10A5E000023C3F4058E10E120F12301262E1B113EB
:10A5F000883E315006000F4BB0131C93123CB290B2
:10A6000003006C110E38301221E1301225E13012B6
:10A610002AE1B113883E315006003F407AE1B11380
:10A62000C447B01344A51A161001C29320250E2466
:10A63000B013C86F03128C0064A50D4F3DF0FF01ED
:10A640000E433F40E225B013965021531001C293B0
:10A6500020250A243F408825B013FA500F93042088
:10A660003F408825B013D2501001C29320251124F9
:10A670003F408825B013FA500F930B2403128C002F
:10A6800094A03D4000960E433F408825B01396505D
:10A690002153100103128C0070A23D40001E0E4396
:10A6A0003F406E1BB01396502153B01334A21001DB
:10A6B0000B143B4072250F4BB013D2500F4B3F5041
:10A6C0001600B013D2500F4B3F502C00B013D25095
:10A6D0000F4B3F504200B013D2500F4B3F50580029
:10A6E000B013D2500F4B3F507000B013D2500F4BED
:10A6F0003F509A00B013D2500B161001C293202580
:10A7000004243F407225B013D2501001C29320257B
:10A710000A2403128C008EA00D430E433F40722585
:10A72000B013965021531001C293202504241F43D7
:10A7300082936C2501200F431001C293202504242D
:10A740001F43A2936C2501240F4310011001100137
:10A750005F42982410011B140B4F0A4E0F931024D4
:10A760000E930E243D423E403025B1134C483D42ED
:10A770000E4A3E520F4B3F52B1134C481F43013C0F
:10A780000F431A161001B29003006C110E383012EC
:10A7900094E1301298E130129DE1B113883E3150BE
:10A7A00006003F40ACE1B113C447B240FF0222268D
:10A7B00082432426824326268243282682432A2651
:10A7C00082432C2682432E26B240001A30263F4078
:10A7D0002226B113241AB013607FB01380A0B013E7
:10A7E00094A6B0135098B1138C2B10011B140B4F6F
:10A7F0000A4E3D4010000E43B1131C4A5D4A14003E
:10A800003D5007005D0B0E4A0F4BB1134C483E40C4
:10A81000B6270F4BB113EE1B1A1610013B14084F4D
:10A820000A4E094DD29320253520B013CC9A0B4FF8
:10A830000F9330241F92F82502208243F825B2900E
:10A8400003006C110F38301294E1301298E130128D
:10A850009DE1B113883E315006003012B9E1B113C9
:10A86000883E2153B29003006C1103380F48B01397
:10A870001A61B29003006C110B380F4BB013F09AB1
:10A880000F1209120A123012C9E1B113883E315277
:10A89000B0130CA7381610013F9080000B383E9083
:10A8A000800008343E5000010E8F1F433E9011007F
:10A8B0001034063C0E9F06340F8E3F90100008386F
:10A8C0000F4310010F9EFC370E8F3E907100F83B36
:10A8D0001F4310014B14C2932025052457425425D1
:10A8E00047930420013C47430843023C384040253D
:10A8F0004747570B3A403A260B4309435F4A260025
:10A90000CA93140024245F932220FA90FEFF1600BD
:10A910000420FA9080FF17001A2408930F240F498F
:10A920005F020E4F5E0E0E8F3E5016000D473E50DA
:10A930003A260F48B11320480F9309200F495F02B0
:10A940000B4F5B0E0B8F3B5016003B503A261953B2
:10A950003A501E0039900300D1230F4B47161001C7
:10A960000B143150F0FF0E4F0F41B013ECA70F4105
:10A97000B113BC190B4F0F932524B29003006C1137
:10A980000F38301294E1301298E130129DE1B1138A
:10A99000883E315006003012F1E1B113883E215358
:10A9A000B29003006C1103380F41B013E860B2900D
:10A9B00003006C1104383F400A00B1138A110F4B99
:10A9C000B113541BC2435425315010000B16100113
:10A9D0002B143150F0FF094F0B4E4A4D0F930824B2
:10A9E0000E9306243E908100032C7DB0400012207F
:10A9F000A2936C115A38301294E130120DE23012E9
:10AA00009DE1B113883E315006003F4012E2B11380
:10AA1000C4474B3C3D4010000E433F404025B1131E
:10AA20001C4A0D4B3D5007005D0B0E493F40402531
:10AA3000B1134C48C24B5425B2435025B243522562
:10AA4000C24A55253E4040250F41B013ECA70F41A7
:10AA5000B113BC190F932B20B29003006C110F3867
:10AA6000301294E1301298E130129DE1B113883E2A
:10AA700031500600301240E2B113883E2153B290AB
:10AA800003006C1103380F41B013E860B29003006B
:10AA90006C1104383F400A00B1138A115C430D4326
:10AAA0000E430F41B1136C1A023C0F43013C1F438C
:10AAB000315010002916100132C20343B240100079
:10AAC000620132D210011F4270011E4270010F9EBE
:10AAD000FA231001824F72011001B013B8AA1001BD
:10AAE0001D42841B0D930E248243841B1E4D0600C1
:10AAF0000F4D5D1302001F42841B0F9303242F4F41
:10AB0000B013D4AA10010B140B4F2F4F3F907500B8
:10AB100023243F907C0052240F934920B0136E6D84
:10AB2000C24F91288243861B093CCF4393280E4392
:10AB30003F4080005D1306009253861B1F42861B18
:10AB40000E4F5E021D4E2C120D93EF23C24F99241F
:10AB5000BB4075000000303C8243881B8243861B4B
:10AB60001C3CCF93932817345F021D4F2C125E427A
:10AB700091280F43B013326E0F930420BB407C002A
:10AB800000001A3C1F42861B3F509328FFF07F00B5
:10AB900000009253881B9253861B1F42861B5E4205
:10ABA00099240F9EDE3B8293881BD623D13F8B4393
:10ABB00000007F400300063C5F43043C5E92912806
:10ABC000FB23E03F0B1610015D4299240E430E3C1F
:10ABD0000C4E5C028C9F2C120820FED080FF932824
:10ABE0003F40D611B013C46E10011E530E9DF03BB2
:10ABF000F43F4C4F4E4F0F4E5F065E0E0E8F0D4EC4
:10AC00005D0E0D8E8D43B61B3E400C1D0F43CE9343
:10AC1000020005246C9E0320CE4302001F533E50C9
:10AC200072003E906422F3231001D2938C1B022405
:10AC30000F4310015F928D1BFB233F408C1B1001C3
:10AC40003F408C1BDF430000CF430100FF40FDFF6E
:10AC50000200CF43030010015E42C4276F43B013CC
:10AC60009E6A5F42C4277F90110005201E42E6279E
:10AC70001F42E8270C3C7F9006000D201F42222433
:10AC80003F5028003F50BE272E4F1F4F02000F9EFF
:10AC9000122C0E4F103C7F903A000C201F422224B1
:10ACA0003F5028003F50BE276E4F8E105F4F01006F
:10ACB0000EDF013C0E435F43B0139E6A10011B146C
:10ACC0004A4F6F4D6FE3CE9F08001620DE9D0100B6
:10ACD000090012209E9D02000A000E209E9D040085
:10ACE0000C000A209E9D06000E0006204F4A7FF0B1
:10ACF0000F003E400300283C1B42A01B8E9308001F
:10AD00001720BE9000FF0A001320BE90FE000C002A
:10AD10000F203E500E00EB4E0000DB4E0100010004
:10AD20002B53824BA01B4F4A7FF00F002E430C3C4D
:10AD30003D423E520F4BB1134C483B52824BA01B3D
:10AD40004F4A7FF00F001E434F9303247F53CF18C9
:10AD50000E5E4F4E1A161001D2938C1B02240F4325
:10AD600010013D420E4F3F408E1BB11320480F9300
:10AD7000F6233F408C1B10010E438F0088AD8013DB
:10AD80005EC9B113623D10012B140B4E0A4D1E42D9
:10AD90008A1B0E9303240F4B5E130600824B9A1BF3
:10ADA0007F400D00B013C86A094F3E4082C9B013FE
:10ADB00022604F930E200D4A0E4B0F49B013F65DE3
:10ADC0000D4A0E4B0F498013D4C90E4A0F4BB113D5
:10ADD000E214291610010B141914494F484EB013F0
:10ADE00056695E429B240B4F0B8E0F4B3F533F9097
:10ADF0006E00252C3C400C1D0D43CC930200192005
:10AE00000F4D5F0A0C4F5C0A0C8F0C5D5C020D4C01
:10AE10003D500C1DCD480100CC4B0E1DCD4900000E
:10AE20000D4B1E52961B0F4C3F500F1DB1134C483B
:10AE3000073C1D533C5072003D900C00DE233B4309
:10AE40000F4B18160B1610015B14094F074E484D97
:10AE50004D9360203840A41B7B430A438893120023
:10AE600014240E4A5E060F4A5F0E0F8E0D4F5D0EC4
:10AE70000D8F3D5016000F4D3F50A41BB013FCC664
:10AE80000F9303244F4AB013F2AB7B9304208893B3
:10AE9000120001204B4A1A533850B4002A93DE2383
:10AEA0007B931520A29366110134C73C30126BE2EC
:10AEB000301273E2301278E2B113883E315006004E
:10AEC0000912301287E2B113883E2152BC3C4F4B2D
:10AED0008F110E4F5E065F0E0F8E0A4F5A0E0A8FAD
:10AEE000084A3850A41B88471200884910007F4048
:10AEF0000C00B013C86A0E4F0F48B0131A600F4A07
:10AF00003F5016003D4040000E433F50A41BB0137D
:10AF1000E0C6993C3740A41B0A470B438A991000AE
:10AF20001F208A9312001C247F400C00B013C86AB3
:10AF30000D4B5D060E4B5E0E0E8D0D4E5D0E0D8E95
:10AF40000E4F0F4D3F50A41BB01322604F930824A7
:10AF5000494B4E484F4BB013D6AD0F9341341A3C7A
:10AF60001B533A50B4002B936A24D83F30126BE243
:10AF7000301273E2301278E2B113883E315006008D
:10AF80004848081209123012C3E2B113883E31500A
:10AF90000600533C06430A438793120016240A9B7B
:10AFA00014240F4A5F060E4A5E0E0E8F0F4E5F0E80
:10AFB0000F8E3F5016003F50A41BB013FCC60F93DA
:10AFC00004244F4AB013F2AB065F1A533750B40053
:10AFD0002A93E223169314384E484F49B013D6AD46
:10AFE0001F930E380E4B5E060D4B5D0E0D8E0E4DF3
:10AFF0005E0E0E8D3E50A41B8E5F14004B4B233C07
:10B00000A29366111A3830126BE2301273E23012DA
:10B0100078E2B113883E315006000F4B5F065B0E9D
:10B020000B8F0F4B5F0E0F8B3F50A41B1F12100096
:10B03000301219E3B113883E21527B43043CA293A2
:10B0400066119437FA3F4F4B561610015B1421835B
:10B050000A4F074C4B4D5B0F494D79F00F007B9029
:10B060000F0002207B40100079900F0002207940F1
:10B070001000A2926611173830126BE2301266E3AC
:10B08000301278E2814E0600B113883E315006003E
:10B090004F490F124F4B0F1230126AE3B113883E23
:10B0A000315006002E414B9306240D4B3DF01F00FE
:10B0B0000F4AB1134C484F4B4649084F0856389039
:10B0C000100007343D4010000D880E430F5AB11395
:10B0D0001C4A4993192447491842A01B0F4A0F865E
:10B0E0000D470E483F501000B1134C48699308209B
:10B0F0007B900B00052CFA430B00FA40FEFF0C007E
:10B1000008578248A01B063C4B9304240E470F4A65
:10B11000B113EE1BA292661103380F4AB013E86018
:10B12000A292661104383F400A00B1138A112153DC
:10B13000561610011B141B429E1B5A429B240D4B9A
:10B140000E4F3E50BE271F42961B0F5AB1134C485C
:10B150000F4B0F5AB0134A69B013F86E0B4F0F9391
:10B160001420A293661101340E3C30126BE23012AF
:10B1700073E2301278E2B113883E315006003F404E
:10B1800088E3B113C4470F431F3CB01378AD0F4B96
:10B19000B013826F0F4BB013586F1F429A1B1F934F
:10B1A00002242F92103892936611ED3B30126BE21D
:10B1B0003012BFE3301278E2B113883E31500600FE
:10B1C0003F40C3E3DE3F1F431A1610017B1431508A
:10B1D000FAFF0B4FC2439A24C2439B24B0131C6A4C
:10B1E000B0136669824F961B82938A1B0224B013A8
:10B1F00058ACB29003006611113830126BE2301275
:10B2000000E4301278E2B113883E31500600121289
:10B21000B227301205E4B113883E21526F42B113B8
:10B22000D63B0E4F7F400500B0139E6A0B93022061
:10B230003B4082C90E4B7F400D00B013B46A8013AF
:10B240006EC9824F981B1F931334A2936611023468
:10B250008000ACBF30126BE2301273E2301278E241
:10B26000B113883E315006003F402EE4800014BEEA
:10B27000A29266112E3830126BE2301266E3301261
:10B2800078E2B113883E315006005F42C3270F12A7
:10B29000301269E4B113883E21520B430D3C5F4BE1
:10B2A000BE27A292661107384F4F0F12301284E466
:10B2B000B113883E21521B535F42C3273F502800E1
:10B2C0000B9FED2BA292661104383F400A00B11388
:10B2D0008A111E42961B5F429B242F530F5E824FA2
:10B2E000A01B0D4F3D5026001E52981B0D9E1A2884
:10B2F000A293661102348000ACBF30126BE23012B0
:10B3000073E2301278E2B113883E315006001F42DA
:10B31000961B1F52981B1F82A01B0F123012260073
:10B320008000AEBBCF4300003F40D627B01358ADDE
:10B330000F9306203F40C627B01358AD0F93162435
:10B34000A29266110E3830126BE2301266E33012B0
:10B3500078E2B113883E315006003F40D7E4B11384
:10B36000C4479253A01B7B4080FF013C4B435D428E
:10B37000BE275F42BF274E4D5E0E494F590F4ED933
:10B38000494E0E495E0E5E06590749DE4E4F7EF06D
:10B390000F007DF00F004E9312208293C0270F20E4
:10B3A0004D9303207FB0F0FF33241F42A01BCF49F1
:10B3B00000001F53824FA01B7A4070002B3C1A42A2
:10B3C000A01B4D9317207FB0F0FF142079F0C0FF31
:10B3D00049DECA4900000F4A1F53DF42C027000060
:10B3E000DF42C12701003A500300824AA01B7A4085
:10B3F0006800103C2D423E40BE270F4AB1134C4816
:10B40000CA4900002A52824AA01B7A406000023CCE
:10B410007A4078005F42C4277F9011000B244F933D
:10B4200009247F903C0006247F902B0003247F900A
:10B430002C0001206AD26AB207201E42A01BCE4F08
:10B4400000001E53824EA01B5F42C5277F90400024
:10B4500006247F9306245F9307205AD30C3C6AD3BB
:10B460000A3C7AD00300073C1E42A01BCE4F0000CE
:10B470001E53824EA01B8293C62729208293C82781
:10B4800026208293CA2723208293CC2720208293D0
:10B49000CE271D208293D0271A208293D2271720EF
:10B4A0008293D4271420A29266110E3830126BE2D8
:10B4B000301266E3301278E2B113883E3150060054
:10B4C0003F4005E5B113C4477BD04000593C3F40A5
:10B4D000C627B01358AD824FA21B0F932E24A29201
:10B4E0006611143830126BE2301266E3301278E2E3
:10B4F000B113883E315006001F42A21B5F4F01006E
:10B500000F12301231E5B113883E21525F429B2465
:10B510002F531F52961B1E42A21B5E4E01005E0E51
:10B52000CFDE00003D40B6273E40C6276F42B01335
:10B53000BEAC4B4F7BD0C0FF233CB290FE80C627F1
:10B5400012208293D8270F208293DA270C2082932F
:10B55000DC2709203D40B6273E40C6276F42B01386
:10B56000BEAC4BDF0D3C1942A01B3D4010003E40DD
:10B57000C6270F49B1134C48395010008249A01B0F
:10B58000F293D6276E20494B79D25F42D7276F932B
:10B5900020208293D8271D208293DA271A208293B5
:10B5A000DC2717208293DE2714208293E0271120C6
:10B5B0008293E2270E20C293E4270B207BD00B005E
:10B5C0001F42A01BDF42E52700001F53824FA01B34
:10B5D000803C8293D82736208293DA2733208293C7
:10B5E000DC2730208293DE2716208293E027132069
:10B5F000C293E22710207BD00A001942A01BC94F3A
:10B6000000003D4003003E40E3270F491F53B113A4
:10B610004C4829525C3C8293DE271420C293E027D9
:10B6200011207BD009001942A01BC94F00003D40EA
:10B6300005003E40E1270F491F53B1134C483950D4
:10B640000600453C1B42A01B3D4010003E40D62753
:10B650000F4BB1134C483B501000824BA01B4B4981
:10B66000383C3F40D627B01358AD824FA21B0F93F2
:10B670000A246BD25E429B242E531E52961BDEDFA1
:10B68000010000000D3CB290FE80D6271520829369
:10B69000D82712208293DA270F208293DC270C20F0
:10B6A0007F400D00B013C86A0D4F3E40D6274F4370
:10B6B000B013BEAC4BDF0D3C1942A01B3D40100047
:10B6C0003E40D6270F49B1134C48395010008249EB
:10B6D000A01BF24028009A241842A01BA2926611D7
:10B6E000123830126BE2301266E3301278E2B11396
:10B6F000883E315006005F42C4270F1230126CE5BD
:10B70000B113883E2152814302003740C427800094
:10B7100004BCA2926611113830126BE2301266E35B
:10B72000301278E2B113883E315006006F470F1295
:10B7300030128BE5B113883E21526F477F902B006A
:10B740000220800098BF7F902C00082C4F930F247C
:10B750007F90110002248000D6BBBD3C7F902C005E
:10B760000A247F903C0002248000D6BB023C0643A2
:10B77000033C3643013C2643144102003450280068
:10B7800005443550BE273693022036400300594504
:10B790000100590A3952A2926611133830126BE235
:10B7A000301266E3301278E2B113883E3150060061
:10B7B00009126F470F123012A9E5B113883E3150BC
:10B7C000060007455F44BE277F9011002B244F934E
:10B7D00029247F903C0026247F902B0023247F90F7
:10B7E0002C0020241F42A01B1F531E42961B1E52DA
:10B7F000981B0F9E0128D33C824FA01BA29266117A
:10B80000113830126BE2301266E3301278E2B11375
:10B81000883E315006006F450F123012CFE5B1134C
:10B82000883E21521C42A01B0D4C0D59814D000039
:10B830001F42961B1F52981B0D9F1928A293661139
:10B8400002348000ACBF30126BE2301273E230126F
:10B8500078E2B113883E315006001F42961B1F52FA
:10B86000981B1F82A01B0F1209128000AEBB0D494E
:10B870000E450F4C814C0400B1134C484F491C41FC
:10B8800004004E4F6E83CC4E010081590200A2414C
:10B89000A01BC25F9A245E44BE277E9011000E2436
:10B8A0004E930C247E903C0009241F437E902B0075
:10B8B00006247E902C0003240F43013C1F433FD0FD
:10B8C000E0FF56024FD6C84F0000059302248000C7
:10B8D00002BC80005CBC9253A01B1941020039508D
:10B8E00028003950BE27A2926611213830126BE22F
:10B8F000301266E3301278E2B113883E3150060010
:10B900001E4902000F4E8F104F4F4E4E8E100FDE0D
:10B910000F122E490F4E8F104F4F4E4E8E100FDECE
:10B920000F12301209E6B113883E315006002F493C
:10B930000E4F8E104E4E4F4F8F100FDE0E4F3EF0BB
:10B94000F0FF3E90B0F053201D4902000E4D8E10C6
:10B950004E4E4D4D8D100EDD3EF0F0FF3E90B0F09E
:10B960004620F840F3FF0000A29266110E38301214
:10B970006BE2301266E3301278E2B113883E315048
:10B9800006003F403EE6B113C4471D42A01B0E4DCA
:10B990001E531F42961B1F52981B0E9F1928A293DD
:10B9A000661102348000ACBF30126BE2301273E2D9
:10B9B000301278E2B113883E315006001F42961BC8
:10B9C0001F52981B1F82A01B0F1213128000AEBBC8
:10B9D0001C4902008C107C5050002F498F107F5062
:10B9E00050004F4F5F0E4C5FCD4C0000323C5E4923
:10B9F00002008E103EF000FF3E9000F02D20F84037
:10BA0000F1FF0000A29266110E3830126BE2301284
:10BA100066E3301278E2B113883E315006003F40B1
:10BA200078E6B113C4471F42A01B0E4F3E500300DF
:10BA30001D42961B1D52981B0E9D0128343CEF4958
:10BA40000000DF49010001001D4902008D10CF4DAB
:10BA50000200824EA01B8A3C3FF000FF3F9000F0A6
:10BA60004920F840F2FF0000A2926611113830120E
:10BA70006BE2301266E3301278E2B113883E315047
:10BA800006006F480F123012B3E6B113883E215200
:10BA90001E42A01B0C4E3C5003001F42961B1F521F
:10BAA000981B0C9F1928A293661102348000ACBF2A
:10BAB00030126BE2301273E2301278E2B113883E3A
:10BAC000315006001F42961B1F52981B1F82A01B5D
:10BAD0000F12301203006B3C0F493D4F8D10CE4DBD
:10BAE00000001E53EE4F0000DE4F01000100824CAB
:10BAF000A01B3C3CF840F0FF0000A29266110E38FB
:10BB000030126BE2301266E3301278E2B113883EF5
:10BB1000315006003F40F8E6B113C4471F42A01B56
:10BB2000084F28521E42961B1E52981B089E18282A
:10BB3000A293661102348000ACBF30126BE2301267
:10BB400073E2301278E2B113883E315006001F4292
:10BB5000961B1F52981B1F82A01B0F122212273CFC
:10BB60002D420E49B1134C488248A01B1F42A01B16
:10BB70000E4F2E531D42961B1D52981B0E9D1F28C3
:10BB8000A293661102348000ACBF30126BE2301217
:10BB900073E2301278E2B113883E315006001F4242
:10BBA000961B1F52981B1F82A01B0F1223123012CC
:10BBB00089E4B113883E315006008000ACBF395093
:10BBC0000600EF490000DF4901000100824EA01B82
:10BBD000F2529A24433C9293661102348000B0BF23
:10BBE00030126BE23012BFE3301278E2B113883EBC
:10BBF0003150060030121AE7B113883E21538000FD
:10BC0000B0BF28416F477F9011000220800012B71B
:10BC10004F930220800012B77F903C0002208000EA
:10BC200012B77F902B000220800012B77F902C006B
:10BC30000220800012B780009EBF30126BE23012EB
:10BC400066E3301278E2B113883E315006006F4748
:10BC50000F1230124EE7B113883E21525F429B24EF
:10BC60001F52961BCF4A0000CF4B0100A2926611D3
:10BC7000313830126BE2301266E3301278E2B113E1
:10BC8000883E315006001F42A01B1F82961B0F12D8
:10BC9000301284E7B113883E21520B430D3C0F5BF9
:10BCA0006F4FA292661107384F4F0F12301284E483
:10BCB000B113883E21521B531F42961B1E42A01BEC
:10BCC0000E8F0B9EEC2BA292661104383F400A00A7
:10BCD000B1138A111E42A01B1E82961BC24E9B24CA
:10BCE0005F429A241D42B2270D8F0F4D3EF0FF0098
:10BCF0000F5E1B43829F981B01380B43B2900300D9
:10BD00006611203830126BE2301200E4301278E213
:10BD1000B113883E315006001C42B2270B1212129A
:10BD2000981B5D429B240F4D0F5C5E429A240F8E40
:10BD30000F120C120D120E1230129EE7B113883E34
:10BD400031500E005A429A240B93022080003ABFD1
:10BD50001742981B5F429B240B470B8F2B823BF0B3
:10BD6000F8FF3750FBFF064736F0F8FF1F42B227B7
:10BD70000F8A0F8B0F870F93093808240E463F5305
:10BD8000B013C433094F39500300013C2943B013A9
:10BD9000EE6E0A4FB29003006611123830126BE259
:10BDA000301200E4301278E2B113883E31500600C0
:10BDB0000A1209123012F3E7B113883E315006001F
:10BDC000084918530A98152CA29366110234800072
:10BDD000ACBF30126BE2301273E2301278E2B11372
:10BDE000883E315006000A120812301235E88000F1
:10BDF000B2BB0B931234A2936611D83830126BE2A7
:10BE0000301273E2301278E2B113883E31500600EE
:10BE10003F407DE8B113C447C93C82439A1B184296
:10BE20009C1B0E481E53824E9C1B55429B241A425B
:10BE3000961B4D450E4A0F4A2F52B1133449655295
:10BE4000C2459B241F42B2273FD000C08F10CA4F6B
:10BE50000000DA42B22701000F488F10CA4F0200DB
:10BE6000CA480300824B9E1BB2900300661115382E
:10BE700030126BE2301200E4301278E2B113883EE7
:10BE80003150060012129E1B0812091213123012B2
:10BE9000B3E8B113883E31500A005F429A24B013D0
:10BEA00034B10F938324F24005009B241E42961B5D
:10BEB0001F42B2273FD000E08F10CE4F0000DE427D
:10BEC000B22701005B429A241B529E1B2A43303C3E
:10BED0000D4B5D0B1E42961BCE4D04000F8B079F32
:10BEE000032C82469E1B023C824F9E1BB290030095
:10BEF0006611163830126BE2301200E4301278E22C
:10BF0000B113883E315006000B1212129E1B08120C
:10BF100009120A123012E0E8B113883E31500C00C9
:10BF20000F4BB01334B11A530F9340241B529E1B76
:10BF30001F42B2270B9FCC2B2D3C1D42B2270D9ADE
:10BF4000162C92936611323830126BE23012BFE336
:10BF5000301278E2B113883E315006005F429A24D5
:10BF60000F121212B227301218E98000B2BB5B42E6
:10BF70009B240D8A0E4A3E50BE271F42961B0F5B24
:10BF8000B1134C480F4B1F52B2270F8AB0134A69A6
:10BF9000B01378AD5F43103C1643800078B7A2928F
:10BFA0006611023480005CBC80003ABC4F43043C04
:10BFB00081480000800002BC315006007416100158
:10BFC000D2D36900F2D080FF6900F24069006800B6
:10BFD000C2436B00E2436A00F2D00E001B00F2D0B5
:10BFE0000C001A00E2C20300F2C20300D2C36900CF
:10BFF0001001218382416422B1409A280000063C4E
:10C00000FF40CDFF00001F53814F00002F410F91D3
:10C01000F72B0E433F40E211B0138E6E21531001F7
:10C020000B14B113623D3B409A28013C1B53FB901B
:10C03000CDFF000005243B900031F82B013C1B5341
:10C04000FB90CDFF000003203B900031F82BB11393
:10C05000623D3B9000310A2C3D4000310D8B0E4D6E
:10C060008D108D118D108D110F4D023C3E433F43BD
:10C070000B1610014B14074F2F4F0F9304243F90C2
:10C0800092005120573C3D4000050E433F40662240
:10C09000B013AC52B740920000004A3CB01320C02D
:10C0A000084E094F3E4000313E809A280A4E8E10BD
:10C0B0008E118E108E110B4E099305380E93033896
:10C0C0000E991738123C9293601128383012A1F063
:10C0D0003012A7F03012ABF0B113883E3150060099
:10C0E0001B1519153012BAF0153C099E17380A981D
:10C0F000152C9293601112383012A1F03012A7F073
:10C100003012ABF0B113883E315006001B151915E3
:10C110003012E4F0B113883E31500A003F406622ED
:10C12000B013BE52B73F874300007F400300093C75
:10C130005F43073C3F406622B013D0520F93F8276D
:10C14000AD3F471610010B140B4F8F4D04008F4E5F
:10C150000600B01392458B4E00008B4F02000B1669
:10C1600010010B140B4FB01392451C4B04001D4BD8
:10C1700006002C5B1D6B02000E8C0F7D1D433F9053
:10C18000FF7F042802203E9301280D430F4D0B161C
:10C1900010010B140B4F0E4F5F43B0137C680F93CD
:10C1A00004200F4B8013EEC9033CB1130E3C4F43E8
:10C1B0000B1610010E434F43B0137C680F930620FB
:10C1C0000D436E433F40EE11B0137C6EB1130E3C35
:10C1D00010011B143150E8FF1F42B2270F930220B9
:10C1E0008000B0C53F900105122892936A11023475
:10C1F000800096C530120BF1301212F1301216F198
:10C20000B113883E31500600301225F1293C82934B
:10C21000D6272B208293D82728208293DA2725201F
:10C220008293DC2722208293DE271F208293E0273F
:10C230001C208293E22719208293E42716209293F0
:10C240006A110234800096C530120BF1301212F1DF
:10C25000301216F1B113883E3150060030123CF115
:10C26000B113883E2153800096C58013C4C90F9333
:10C27000122092936A110234800096C530120BF19D
:10C28000301212F1301216F1B113883E315006000F
:10C290003F4064F1BE3CF293D627022080004AC59D
:10C2A0003F40D627B113BC190F931B24B290030053
:10C2B0006A110E3830120BF130129BF1301216F168
:10C2C000B113883E315006003F40A0F1B113C4477E
:10C2D0008293B22702208000B0C5B013B8C5800099
:10C2E000B0C5B29003006A11113830120BF1301250
:10C2F0009BF1301216F1B113883E31500600121234
:10C30000B2273012BBF1B113883E2152B290030024
:10C310006A1104383F40C627B013E860B2900300AA
:10C320006A1105383012E4F1B113883E2153B290FE
:10C3300003006A1104383F40D627B013E860B2907A
:10C3400003006A1104383F400A00B1138A110F41FB
:10C350008013D0C90F932624B29003006A110F38BE
:10C3600030120BF130129BF1301216F1B113883EEE
:10C37000315006003012E9F1B113883E2153B290DA
:10C3800003006A1103380F41B013E860B290030054
:10C390006A11023480009CC53F400A00B1138A1123
:10C3A00080009CC53F40D627B1137A194F931624BD
:10C3B000B29003006A1102348000A0C530120BF164
:10C3C00030129BF1301216F1B113883E3150060045
:10C3D0003F400EF2B113C4478000A0C53F40D627AE
:10C3E000B113FA140A4F0F932820B113A4160B4F60
:10C3F0000F93122092936A11CE3830120BF1301243
:10C4000012F1301216F1B113883E315006003F4050
:10C410002DF2B113C447BF3CB29003006A113D38FE
:10C4200030120BF130129BF1301216F1B113883E2D
:10C430003150060030125FF22D3CB113F6140B4F51
:10C440000F93182092936A110E3830120BF13012AC
:10C4500012F1301216F1B113883E315006003F4000
:10C460008DF2B113C4470F4A8013DCC90F4AB113D0
:10C47000FE14913CB29003006A110F3830120BF198
:10C4800030129BF1301216F1B113883E3150060084
:10C490003012A6F2B113883E2153B29003006A1104
:10C4A00003380F4BB013E860B29003006A117A387A
:10C4B0003F400A00B1138A11753C0E4B0F413F50AB
:10C4C0001000B113021C0312301209005C434D43EB
:10C4D0000E413E5014000F4BB1133C1221520F93EA
:10C4E000302092936A110F3830120BF1301212F192
:10C4F000301216F1B113883E315006003012D2F2DC
:10C50000B113883E215392936A1103380F4BB01335
:10C51000E86092936A110538301206F3B113883E31
:10C52000215392936A1105380F413F501000B01308
:10C530001A6192936A112F383F400A00B1138A1191
:10C540002A3CB1134C130B4F013C0B43B290030038
:10C550006A110F3830120BF130129BF1301216F1C4
:10C56000B113883E31500600301219F3B113883EE2
:10C570002153B29003006A1103380F4BB0131A61B4
:10C58000B29003006A1104383F400A00B1138A11C7
:10C590000F4BB01392C1B1130E3C0A3C0B41023C4D
:10C5A0003B40D6270F4BB11364130F93CA23853F2B
:10C5B000315018001A161001B29003006A11113898
:10C5C00030120BF130129BF1301216F1B113883E8C
:10C5D000315006001212B22730122DF3B113883EEB
:10C5E00021525F43B113F2308293B2270224B01379
:10C5F000D2C110011B140A4F0B4D2F4F0F9304246F
:10C600003F9040034220463CB0136E6DC24F9228CB
:10C610003D4040000E433F407222B013AC52B11374
:10C620001E30801394C9BA40400300005F43413C70
:10C630001B926A280220824364281B928428F323D9
:10C6400082437E28F03F3B90722203200F4BB013B1
:10C65000D0523B90A627E7230F4BB013D0520F9335
:10C66000E227B113A81B083C0B93DD27824B4C2813
:10C670007F400500B113F230B013D2C1D43F829392
:10C68000B227D127B013B8C5CE3F8A4300007F4000
:10C6900003000F3C6E93F3277E900300032C5E9300
:10C6A000C223E23F7E9087FFC3277E9088FFBB2393
:10C6B000CA3F1A1610011E4250280E9303243E5002
:10C6C0002800043C1E424C283E5016002F4E0F936B
:10C6D00006241D4E02005E429228B0137C6E1001AB
:10C6E0000B140B4F8F4D04008F4E0600B0132045E6
:10C6F0008B4E00008B4F02000B1610010B140B4FDA
:10C70000B01320452E8B1F7B02001E530F631D4369
:10C710008B9F0600052803208B9E040001280D43F3
:10C720000F4D0B1610010B140B4FB013FCC60F93DB
:10C7300006249B5B040000009B6B060002000B16A6
:10C7400010013F507FFF2F93032C5F429D24100167
:10C750000F431001D2D33200D2C233003300D2C211
:10C7600033004500D2C233001200D2D33100B013DF
:10C77000AE5CD2439D241001D2C33100C2439D243C
:10C7800010010B140B4E3F9081000B200E930324DD
:10C79000B01354C7023CB01378C7C24B9D240F435B
:10C7A000013C3F430B1610012182C1430000C143ED
:10C7B0000100C14F02007F404800B013365CB01347
:10C7C000A45C4F93FC230E412E535F43B013D05C07
:10C7D000B013A45C4F93FC237F404800B013005C6F
:10C7E000B013A45C4F93FC230E416F43B013665CFF
:10C7F000B013A45C4F93FC236F418F105E41010086
:10C800000FDE215210014F43B013A8C70E4F0F93F4
:10C8100004343EE31E533D43013C1D430F4E8F1035
:10C820008F11021232C20343824F3201824D38010E
:10C830001F423A0132410D4F5D065F0E0D5F0C4DF8
:10C840005C060C5D3EF0FF000D4E5D065E0E0D5E5B
:10C850000F4D5F060F5D8F108F110F5C1001B0132D
:0EC8600006C810013F40FA11B0138A6610019D
:10C87000D0410000F4410000D0420000D04200004E
:10C88000FC41000034420000444200006C420000C1
:10C890008A420000904200009A420000D04200000C
:10C8A000D0420000D0420000A6420000AE4200008C
:10C8B000B6420000BE420000D0420000D04200005C
:10C8C000D0420000D0420000D0420000D042000020
:10C8D000C442000000430000A84300002A440000B6
:10C8E0002A440000BC430000E0430000EE43000087
:10C8F0001C44000000CA4C390000143A0000DE3726
:10C90000000025CA683A0000883A0000503A00004A
:10C91000364400001A3E00007E3E0000E43E000067
:10C920007A3F0000263F00007E3C0000883C00006B
:10C930005C3E0000F63E0000B8410000EC42000002
:10C94000F03A0000F43A0000001FFF1BFD17FB1334
:10C95000F90FF60BF107E70348CD504F0000044DE7
:10C960000000664D0000F84C0000FE4C00000A4D2F
:10C9700000009E5B0000965B0000505800004A11CA
:10C98000000000000000000000000AD616D61DD6E8
:10C9900027D65AE286A70000CE6F0000C4700000C0
:10C9A000907100001275000056A70000C8750000C5
:10C9B00028A700003AA7000006770000B076000024
:10C9C000A884000068850000F8820000068100004D
:10C9D000088000001CA800004CA700004EA7000023
:10C9E00050A7000084F040AC000000000100CCB172
:10C9F000000054F35EC8000082C7000042C7000078
:10CA00004144584C3334352073656E736F72004166
:10CA10006363656C65726F6D657465722070726FAB
:10CA20006365737300427574746F6E0043433234F0
:10CA3000323020647269766572004D61696E00491A
:10CA40004E464F005B252D34733A20252D3130732F
:10CA50005D20005374617274696E6720436F6E7459
:10CA6000696B692D4E472D72656C656173652F7614
:10CA7000342E382D3632352D6738353138636261C2
:10CA800066662D6469727479002D20526F75746921
:10CA90006E673A2025730A002D204E65743A2025D2
:10CAA000730A002D204D41433A2025730A002D20A2
:10CAB0003830322E31352E342050414E49443A2000
:10CAC0003078253034780A002D203830322E313538
:10CAD0002E342044656661756C74206368616E6EE7
:10CAE000656C3A2025750A004E6F64652049443A0A
:10CAF0002025750A004C696E6B2D6C61796572207A
:10CB0000616464726573733A200054656E74617475
:10CB1000697665206C696E6B2D6C6F63616C204962
:10CB200050763620616464726573733A2000435313
:10CB30004D4100444247005B252D34733A20252D9A
:10CB40003130735D20007363686564756C696E676E
:10CB5000207472616E736D697373696F6E20696E94
:10CB6000202575207469636B732C204E423D25751A
:10CB70002C2042453D25750A00494E464F00706104
:10CB8000636B65742073656E7420746F20002C20B5
:10CB90007365716E6F2025752C20737461747573C5
:10CBA0002025752C2074782025752C20636F6C6CE3
:10CBB0002025750A00667265655F71756575656427
:10CBC0005F7061636B65742C207175657565206C91
:10CBD000656E6774682025642C2066726565207018
:10CBE00061636B65747320257A750A0070726570D5
:10CBF0006172696E67207061636B657420666F7225
:10CC000020002C207365716E6F2025752C207478A0
:10CC10002025752C2071756575652025640A0045F1
:10CC20005252006661696C656420746F206372659E
:10CC3000617465207061636B65742C207365716E1F
:10CC40006F3A2025640A005741524E007061636BB1
:10CC500065742073656E743A206E6F206D65746123
:10CC60006461746100747820746F200073656E6471
:10CC7000696E6720746F20002C206C656E2025750E
:10CC80002C207365716E6F2025752C20717565756C
:10CC900065206C656E6774682025642C206672655B
:10CCA00065207061636B65747320257A750A006373
:10CCB0006F756C64206E6F7420616C6C6F6361744F
:10CCC000652071756575656275662C2064726F707C
:10CCD00070696E67207061636B6574004E6569678B
:10CCE00068626F722071756575652066756C6C0081
:10CCF000636F756C64206E6F7420616C6C6F636120
:10CD00007465207061636B65742C2064726F707041
:10CD1000696E67207061636B657400636F756C6426
:10CD2000206E6F7420616C6C6F63617465206E653A
:10CD3000696768626F722C2064726F7070696E67C9
:10CD4000207061636B65740043534D41004552523E
:10CD5000005B252D34733A20252D3130735D200082
:10CD60004661696C656420746F20726574726965D0
:10CD70007665206D617820726164696F20647269E4
:10CD8000766572207061796C6F6164206C656E6786
:10CD90007468004442470069676E6F726564206181
:10CDA000636B006661696C656420746F20706172EA
:10CDB00073652025750A005741524E006E6F74202E
:10CDC000666F72207573203A20006672616D65206F
:10CDD00066726F6D206F757273656C766573006433
:10CDE000726F70206475706C6963617465206C6922
:10CDF0006E6B206C61796572207061636B65742065
:10CE000066726F6D20002C207365716E6F20257522
:10CE10000A00494E464F0072656365697665642075
:10CE20007061636B65742066726F6D20002C2073D7
:10CE300065716E6F2025752C206C656E2025750A36
:10CE4000002120726164696F20646F6573206E6FCA
:10CE50007420737570706F72742067657474696E76
:10CE60006720524144494F5F434F4E53545F4D41F9
:10CE7000585F5041594C4F41445F4C454E2E204124
:10CE8000626F727420696E69742E004374696D65F7
:10CE9000722070726F63657373004576656E7420DF
:10CEA00074696D65720002084672616D65203135E6
:10CEB0002E34005741524E005B252D34733A202505
:10CEC0002D3130735D200031352E343A20666F727B
:10CED00020616E6F746865722070616E2025750A1E
:10CEE00000494E464F00496E3A2025325820002016
:10CEF000256420257520282575290A006672616D34
:10CF000065722D3830323135343A2063616E6E6F80
:10CF10007420736574757020706172616D73206226
:10CF2000656361757365206F6620696E76616C69F3
:10CF30006420617267756D656E74004F75743A2078
:10CF40002532582000455252004F75743A20746FB4
:10CF50006F206C61726765206865616465723A2054
:10CF600025750A0048656C6C6F2C20454B2D4431AB
:10CF700030330048656C6C6F20776F726C64207082
:10CF8000726F6365737300257300284E554C4C20F7
:10CF90004C4C2061646472290025303278005A318B
:10CFA00000494E464F005B252D34733A20252D3124
:10CFB00030735D20004343323432302043434120FC
:10CFC0007468726573686F6C642025690A0052503A
:10CFD0004C00494E464F005B252D34733A20252DD9
:10CFE0003130735D2000495076362061646472658B
:10CFF000737365733A002D2D20006372656174654B
:10D00000642061206E65772052504C2044414700D7
:10D01000455252006661696C656420746F206372CA
:10D02000656174652061206E65772052504C204404
:10D030004147006C696E6B733A20257520726F75DD
:10D0400074696E67206C696E6B7320696E20746FF3
:10D0500074616C20282573290A006C696E6B733A21
:10D060002025730A006C696E6B733A20656E64202C
:10D070006F66206C697374004E6F20726F757469EF
:10D080006E67206C696E6B730052504C00455252B3
:10D09000005B252D34733A20252D3130735D20003F
:10D0A00069676E6F72696E672044494F20776974B3
:10D0B0006820616E20756E737570706F7274656430
:10D0C000204F463A2025750A006661696C65642028
:10D0D000746F2073657420707265666978005741BB
:10D0E000524E0069676E6F72696E672044494F2027
:10D0F0007769746820616E20756E737570706F72D9
:10D10000746564204D4F503A2025640A004A6F69C7
:10D110006E006661696C656420746F20696E697465
:10D1200069616C697A652044414700494E464F0069
:10D13000696E697469616C697A656420444147204D
:10D140007769746820696E7374616E636520494401
:10D150002025752C2044414720494420002C207074
:10D16000726578697820002F25752C2072616E6BAE
:10D170002025750A006A757374206A6F696E65648C
:10D180002C206E6F20706172656E74207965742C2E
:10D190002073657474696E672074696D65722066AA
:10D1A0006F72206C656176696E6700756E6B6E6F6D
:10D1B000776E006C656176696E6720444147200098
:10D1C0002C20696E7374616E63652025750A0044B6
:10D1D000414720657870697265642C20706F6973AF
:10D1E0006F6E20616E64206C656176650044414716
:10D1F000206578706972696E6720696E20257520D8
:10D200007365636F6E64732C2073656E642044498C
:10D210005320746F20707265666572726564207049
:10D220006172656E740A006C6F63616C2072657068
:10D2300061697220282573290A004C6F63616C2094
:10D2400072657061697200696E6974696174696E92
:10D250006720676C6F62616C207265706169722013
:10D26000282573292C2076657273696F6E202575C9
:10D270002C2072616E6B2025750A00476C6F62610D
:10D280006C2072657061697220286265666F7265D4
:10D290002900476C6F62616C207265706169720071
:10D2A000706F69736F6E696E6720616E64206C6564
:10D2B0006176696E672061667465722061206465BD
:10D2C0006C617900506F69736F6E20726F75746551
:10D2D00073007369676E69666963616E7420726159
:10D2E0006E6B207570646174652025752D3E257503
:10D2F0000A005369676E69666963616E74207261C2
:10D300006E6B2075706461746500476F7420706186
:10D3100072656E7400666F756E6420706172656E02
:10D32000743A20002C2073746179696E6720696EED
:10D3300020444147006E6F20706172656E742C202E
:10D340007363686564756C696E6720706572696F78
:10D35000646963204449532C2077696C6C206C65A8
:10D36000617665206966206E6F20706172656E74EB
:10D3700020697320666F756E6400506172656E740B
:10D3800020737769746368006661696C65642074F2
:10D390006F20696E6974204441470048656172647A
:10D3A000206F6C642076657273696F6E2066726F91
:10D3B0006D20726F6F7400696E636F6E7369737442
:10D3C000656E742044494F2076657273696F6E20D4
:10D3D0002863757272656E743A2025752C2072650B
:10D3E0006365697665643A202575292C20696E6924
:10D3F000746961746520676C6F62616C207265701E
:10D400006169720A00496E636F6E73697374656E49
:10D41000742044494F2076657273696F6E006E65A3
:10D42000772044494F2076657273696F6E202863B8
:10D43000757272656E743A2025752C20726563656D
:10D44000697665643A202575292C206170706C79A5
:10D4500020676C6F62616C207265706169720A008E
:10D4600070617274696369706174696E6720696E56
:10D4700020676C6F62616C207265706169722C202C
:10D4800076657273696F6E2025752C2072616E6BE4
:10D490002025750A0049507636206361636865204F
:10D4A00066756C6C2C2064726F7070696E672044B6
:10D4B000494F006661696C656420746F2061646423
:10D4C000206E65696768626F72006E656967686281
:10D4D0006F72207461626C652066756C6C2C2064C0
:10D4E000726F7070696E672044494F007265667292
:10D4F000657368696E67206C69666574696D65003F
:10D500004454534E20696E6372656D656E742025B8
:10D51000752D3E25752C207363686564756C6520D8
:10D520006E65772044414F207769746820445453D6
:10D530004E2025750A004D756C7469636173742003
:10D5400044495300756E6963617374204449532CD8
:10D55000207265706C7920746F2073656E646572DB
:10D56000006661696C656420746F20616464206C7E
:10D57000696E6B206F6E20696E636F6D696E6720D8
:10D5800044414F00526561636861626C65004441CB
:10D590004F2D4E41434B207265636569766564206B
:10D5A00077697468207365716E6F2025752C207300
:10D5B00074617475732025752C20706F69736F6E9C
:10D5C00020616E64206C656176650A00496E69743D
:10D5D00020726F6F740063726561746564204441EA
:10D5E00047207769746820696E7374616E63652083
:10D5F00049442025752C2044414720494420002CD3
:10D600002072616E6B2025750A00696E697469610C
:10D610006C697A6564006A6F696E65640072656141
:10D62000636861626C6500706F69736F6E696E67C5
:10D630000052504C00455252005B252D34733A2065
:10D64000252D3130735D2000686F702D62792D6853
:10D650006F7020657874656E73696F6E20686561A0
:10D66000646572206861732077726F6E67207369DA
:10D670007A6520282575290A00756E61626C65201F
:10D68000746F206164642F75706461746520686FC5
:10D69000702D62792D686F7020657874656E73697E
:10D6A0006F6E206865616465723A20696E636F729F
:10D6B0007265637420696E7374616E63650054549F
:10D6C0004C2076616C75652066726F6D2072706C8F
:10D6D0002D6C6974653A20257520002020202020BB
:10D6E000202020202000444247006E6F20535248E3
:10D6F00020666F756E6400494E464F0053524820B5
:10D700006E6F7420666F756E64007265616420537D
:10D7100052482C2070617468206C656E2025752C31
:10D72000207365676D656E7473206C656674202563
:10D73000752C20436D7072692025752C20436D7007
:10D7400072652025752C20657874206C656E202507
:10D7500075202870616464696E67202575290A0048
:10D76000535248207769746820746F6F206D616E22
:10D7700079207365676D656E7473206C65667420BF
:10D78000282575203E202575290A00496E76616C92
:10D790006964205352482061646472657373207019
:10D7A0006F696E74657200535248206E65787420FC
:10D7B000686F702000646F776E00757000686F701E
:10D7C0002D62792D686F7020657874656E73696F4E
:10D7D0006E20686561646572206861732077726F7E
:10D7E0006E672073697A65206F7220747970652086
:10D7F000282575202575202575290A00756E6B6E04
:10D800006F776E20696E7374616E63653A2025755B
:10D810000A00666F7277617264206572726F72219E
:10D8200000657874206864723A207061636B657477
:10D830002066726F6D200020746F200020676F6972
:10D840006E672025732C2073656E64657220636C8F
:10D850006F73657220256420282564203C20256490
:10D86000292C2072616E6B206572726F7220257593
:10D870002C206C6F6F702064657465637465642020
:10D8800025750A00535248206372656174696E679A
:10D8900020736F7572636520726F7574696E67208F
:10D8A0006865616465722077697468206465737463
:10D8B000696E6174696F6E200020005352482064C5
:10D8C000657374696E6174696F6E206E6F74206920
:10D8D0006E206F7572204441472C20736B69702055
:10D8E00053524820696E73657274696F6E005352AB
:10D8F00048206E6F6465206E6F7420666F756E646D
:10D900002C20736B69702053524820696E736572C6
:10D9100074696F6E0053524820726F6F74206E6F7F
:10D920006465206E6F7420666F756E640053524894
:10D93000206E6F207061746820666F756E6420744D
:10D940006F2064657374696E6174696F6E00535201
:10D950004820486F7020005352482070617468203E
:10D960006C656E3A2025752C20436F6D70724920CE
:10D9700025752C20436F6D7072452025752C206510
:10D980007874206C656E2025752028706164646948
:10D990006E67202575290A007061636B65742074B9
:10D9A0006F6F206C6F6E673A20696D706F7373696B
:10D9B000626C6520746F2061646420736F7572639C
:10D9C0006520726F7574696E672068656164657241
:10D9D00020282575206279746573290A00637265B1
:10D9E0006174696E6720686F702D62792D686F7041
:10D9F000206F7074696F6E007061636B6574207462
:10DA00006F6F206C6F6E673A20696D706F7373690A
:10DA1000626C6520746F2061646420686F702D6291
:10DA2000792D686F70206F7074696F6E0041434B81
:10DA3000004E41434B0052504C00455252005B2572
:10DA40002D34733A20252D3130735D200064616FD1
:10DA50005F61636B5F696E7075743A20756E6B6E93
:10DA60006F776E20696E7374616E63652C206469D4
:10DA7000736361726400494E464F00726563656965
:10DA800076656420612044414F2D257320776974A9
:10DA900068207365716E6F20256420282564202519
:10DAA000642920616E642073746174757320256429
:10DAB0002066726F6D20004E6F2D706174682000BB
:10DAC0000064616F5F696E7075743A20756E6B6E7D
:10DAD0006F776E2052504C20696E7374616E63656F
:10DAE0002025752C20646973636172640A00646187
:10DAF0006F5F696E7075743A2064696666657265F9
:10DB00006E742044414720494420002C20646973EE
:10DB10006361726400726563656976656420612083
:10DB2000257344414F2066726F6D20002C20736571
:10DB3000716E6F2025752C206C69666574696D6542
:10DB40002025752C2070726566697820002C207065
:10DB50007265666978206C656E6774682025752C1F
:10DB600020706172656E74200020006D756C7469A0
:10DB70006361737400756E69636173740064696FC7
:10DB80005F696E7075743A206D616C666F726D6559
:10DB900064207061636B65742C20646973636172C7
:10DBA00064005741524E0064696F5F696E7075740E
:10DBB0003A20696E76616C696420444147204D4388
:10DBC0002C206C656E2025752C206469736361724E
:10DBD000640A0064696F5F696E7075743A20756ECF
:10DBE000737570706F7274656420444147204D43B3
:10DBF00020747970652025752C20646973636172C7
:10DC0000640A0064696F5F696E7075743A20696EAA
:10DC100076616C69642064657374696E6174696FA0
:10DC20006E20707265666978206F7074696F6E2CF3
:10DC3000206C656E2025752C2064697363617264A5
:10DC40000A0064696F5F696E7075743A20696E7658
:10DC5000616C696420726F75746520696E666F20EF
:10DC60006F7074696F6E2C206C656E2025752C208A
:10DC7000646973636172640A0064696F5F696E70DE
:10DC800075743A20696E76616C696420444147205E
:10DC9000636F6E66696775726174696F6E206F700D
:10DCA00074696F6E2C206C656E2025752C2064695C
:10DCB00073636172640A0064696F5F696E70757482
:10DCC0003A20696E76616C69642044414720707225
:10DCD0006566697820696E666F2C206C656E2025FC
:10DCE000752C20646973636172640A0064696F5FF4
:10DCF000696E7075743A20756E737570706F72749A
:10DD00006564207375626F7074696F6E20747970CA
:10DD10006520696E2044494F3A2025752C2064699E
:10DD200073636172640A0072656365697665642075
:10DD3000612025732D44494F2066726F6D20002CA1
:10DD400020696E7374616E63655F69642025752C4C
:10DD50002044414720494420002C20766572736995
:10DD60006F6E2025752C206474736E2025752C2011
:10DD700072616E6B2025750A006469735F696E704D
:10DD800075743A206E6F7420696E20616E20696E22
:10DD90007374616E6365207965742C2064697363A4
:10DDA0006172640072656365697665642061204410
:10DDB00049532066726F6D2000636F756C64206E2E
:10DDC0006F7420616464206E65696768626F722099
:10DDD000746F20636163686520002C200073656E9A
:10DDE00064696E6720612044495320746F20007578
:10DDF0006E61626C6520746F2073656E64204449A7
:10DE00004F2062656361757365206F6620756E7360
:10DE10007570706F7274656420444147204D4320D3
:10DE2000747970652025750A0073656E64696E6784
:10DE300020612025732D44494F2077697468207232
:10DE4000616E6B20257520746F200072706C5F69A5
:10DE5000636D70365F64616F5F6F75747075743A6F
:10DE6000206E6F7420696E20616E20696E7374611C
:10DE70006E63652C20736B69702073656E64696EC8
:10DE8000672044414F0072706C5F69636D70365F4C
:10DE900064616F5F6F75747075743A206E6F207077
:10DEA000726566657272656420706172656E742C4D
:10DEB00020736B69702073656E64696E67204441DE
:10DEC0004F0072706C5F69636D70365F64616F5F85
:10DED0006F75747075743A206E6F6465206E6F7420
:10DEE00020726561647920746F2073656E642061AF
:10DEF0002044414F20287072656669782025702C77
:10DF000020706172656E7420616464722025702CCB
:10DF1000206D6F70202575290A0073656E64696E27
:10DF200067206120257344414F207365716E6F2017
:10DF300025752C20747820636F756E742025752CE0
:10DF4000206C69666574696D652025752C2070727A
:10DF500065666978200020746F20002C2070617243
:10DF6000656E74200073656E64696E67206120447D
:10DF7000414F2D2573207365716E6F2025642074C9
:10DF80006F20002077697468207374617475732042
:10DF900025640A0052504C00494E464F005B252D27
:10DFA00034733A20252D3130735D2000726573651E
:10DFB00074204D52484F46002535752C2025357567
:10DFC000203D3E20253575202D2D2025327520251C
:10DFD0006325632563256325630020286C617374C2
:10DFE000207478202575206D696E2061676F002090
:10DFF000286E6F207478002C20626574746572201E
:10E0000073696E6365202575206D696E290029008E
:10E0100052504C00494E464F005B252D34733A2038
:10E02000252D3130735D20006E62723A206F776E5D
:10E030002073746174652C206164647220002C204C
:10E040004441472073746174653A2025732C204D38
:10E050004F50202575204F43502025752072616E4A
:10E060006B202575206D61782D72616E6B20257592
:10E070002C2064696F696E742025752C206E627285
:10E0800020636F756E7420257520282573290A007A
:10E090006E62723A2025730A006E62723A20656ED3
:10E0A00064206F66206C69737400706172656E74B1
:10E0B000207377697463683A2000202D3E20007237
:10E0C000656D6F76696E6720616C6C206E6569673F
:10E0D00068626F7273006265737420706172656E3E
:10E0E00074206973206E6F742066726573682C20CB
:10E0F0007363686564756C6520757267656E7420FE
:10E1000070726F62696E6720746F200044414F2007
:10E110006D61782072747800506572696F6469630C
:10E120000052504C00494E464F005B252D34733A47
:10E1300020252D3130735D20007265736574204495
:10E14000494F2074696D657220282573290A0028BB
:10E15000757267656E7429000070726F62696E6710
:10E160002000202573206C6173742074782025753D
:10E17000206D696E2061676F0A006E6F206E6569A1
:10E180006768626F72206E656564732070726F627B
:10E19000696E670052504C00494E464F005B252D7A
:10E1A00034733A20252D3130735D2000696E697417
:10E1B00069616C697A696E67007061636B65742070
:10E1C00073656E7420746F20002C207374617475F5
:10E1D000732025752C2074782025752C206E65778A
:10E1E000206C696E6B206D65747269632025750AF9
:10E1F0000072656D6F76696E6720676C6F62616C27
:10E200002049502061646472657373200057415245
:10E210004E00707265666978206E6F7420696E6357
:10E220006C756465642C206E6F742D737570706FDF
:10E2300072746564206F7220696E76616C69640027
:10E24000616464696E6720676C6F62616C2049501D
:10E250002061646472657373200052504C204C69D5
:10E2600074650053656E736F727300364C6F575050
:10E27000414E005741524E005B252D34733A202504
:10E280002D3130735D20007265617373656D626C52
:10E29000793A206661696C656420746F2073746FCD
:10E2A0007265206E657720667261676D656E742099
:10E2B00073657373696F6E202D207461673A202532
:10E2C000640A007265617373656D626C793A2066E9
:10E2D00061696C656420746F2073746F7265204E81
:10E2E0002D667261676D656E74202D20636F756C8D
:10E2F00064206E6F742066696E6420736573736941
:10E300006F6E202D207461673A202564206F666649
:10E310007365743A2025640A007265617373656DD4
:10E32000626C793A206661696C656420746F207351
:10E33000746F726520667261676D656E74202D2042
:10E340007061636B6574207265617373656D626C77
:10E35000792077696C6C206661696C207461673A1A
:10E360002564206C0A0044424700756E636F6D702F
:10E3700072657373696F6E3A20616464726573735A
:10E3800020256420256420006F75747075743A2010
:10E39000636F756C64206E6F7420616C6C6F636169
:10E3A00074652071756575656275662C2064726F81
:10E3B0007070696E6720667261676D656E74004586
:10E3C0005252006F75747075743A206572726F7274
:10E3D00020696E20667261676D656E742074782C9A
:10E3E0002064726F7070696E6720737562736571F7
:10E3F00075656E7420667261676D656E74732E004C
:10E40000494E464F006F75747075743A2073656E8F
:10E4100064696E672049507636207061636B65745D
:10E420002077697468206C656E2025640A006F751A
:10E43000747075743A206661696C656420746F202D
:10E4400063616C63756C617465207061796C6F6178
:10E45000642073697A65202D2064726F7070696E14
:10E4600067207061636B657400636F6D70726573B4
:10E4700073696F6E3A206265666F72652028256445
:10E48000293A200025303278004E6F7420656E6F77
:10E49000756768207061636B657462756620737060
:10E4A00061636520746F20636F6D70726573732094
:10E4B00068656164657220282575206279746573CA
:10E4C0002C202575206C656674292E2041626F72A0
:10E4D00074696E672E0A00636F6D7072657373697D
:10E4E0006F6E3A2064657374206F722073726320BC
:10E4F000697061646472202D2073657474696E673D
:10E500002043494400636F6D7072657373696F6E69
:10E510003A206164647220756E7370656369666920
:10E520006564202D2073657474696E6720534143C0
:10E5300000636F6D7072657373696F6E3A207372EA
:10E5400063207769746820636F6E74657874202D1A
:10E550002073657474696E672043494420262053F4
:10E560004143206374783A2025640A00636F6D701C
:10E5700072657373696F6E3A20666972737420688E
:10E5800065616465723A2025640A00636F6D70727C
:10E59000657373696F6E3A206E6578742068656183
:10E5A0006465723A2025640A00636F6D707265734A
:10E5B00073696F6E3A206E65787420686561646572
:10E5C0007220256420286C656E3A2564290A006350
:10E5D0006F6D7072657373696F6E3A206B656570ED
:10E5E000696E6720746865206E657874206865615F
:10E5F00064657220696E2074686973206578742080
:10E600006864723A2025640A00636F6D70726573E6
:10E6100073696F6E3A20696E6C696E65642055444B
:10E620005020706F727473206F6E2073656E64205B
:10E63000736964653A2025782C2025780A004950B2
:10E6400048433A2072656D6F766520313220622032
:10E650006F6620626F746820736F75726365202621
:10E6600020646573742077697468207072656669C8
:10E6700078203078464F4200495048433A206C6534
:10E6800061766520736F757263652C2072656D6F9E
:10E69000766520382062697473206F662064657324
:10E6A00074207769746820707265666978203078A4
:10E6B000463000495048433A2072656D6F766520B8
:10E6C000382062697473206F6620736F757263659A
:10E6D00020776974682070726566697820307846A2
:10E6E000302C206C6561766520646573742E20681B
:10E6F00063683A2025690A00495048433A2063611B
:10E700006E6E6F7420636F6D707265737320554405
:10E7100050206865616465727300636F6D70726527
:10E720007373696F6E3A20636F756C64206E6F74DB
:10E730002068616E646C6520636F6D7072657373C1
:10E74000696F6E206F662068656164657200636F33
:10E750006D7072657373696F6E3A206C61737420AB
:10E7600068656164657220636F756C6420697320ED
:10E770006E6F7420636F6D707265737365643A2099
:10E7800025640A00636F6D7072657373696F6E3A0A
:10E7900020616674657220282564293A20006F750F
:10E7A000747075743A20686561646572206C656E7A
:10E7B000202564202D3E2025642C20746F74616C0C
:10E7C000206C656E202564202D3E2025642C204D74
:10E7D0004143206D6178207061796C6F6164202500
:10E7E000642C20667261675F6E65656465642025D0
:10E7F000640A006F75747075743A20667261676D93
:10E80000656E746174696F6E206E65656465642EF3
:10E8100020667261676D656E74733A2025752C20D1
:10E8200066726565207175657565627566733A20F7
:10E83000257A750A006F75747075743A2064726F6A
:10E840007070696E67207061636B65742C206E6FE9
:10E850007420656E6F7567682066726565206275E5
:10E86000667320286E65656465643A20257A752C88
:10E8700020667265653A20257A75290A006F7574DD
:10E880007075743A20636F6D707265737365642080
:10E8900068656164657220646F6573206E6F7420B3
:10E8A00066697420666972737420667261676D654B
:10E8B0006E74006F75747075743A20667261676D5E
:10E8C000656E742025642F256420287461672025D7
:10E8D000642C207061796C6F6164202564290A00C2
:10E8E0006F75747075743A20667261676D656E74C9
:10E8F0002025642F256420287461672025642C203E
:10E900007061796C6F61642025642C206F6666737A
:10E910006574202564290A006F75747075743A2037
:10E920007569705F6C656E20697320736D616C6CC6
:10E930006572207468616E20756E636F6D705F68BC
:10E9400064725F6C656E20282564203C2025642954
:10E9500000696E7075743A20656D7074792070610D
:10E96000636B657400696E7075743A2072656365D7
:10E970006976656420666972737420656C656D657F
:10E980006E74206F66206120667261676D656E74BB
:10E990006564207061636B6574202874616720254D
:10E9A000642C206C656E202564290A00696E7075E0
:10E9B000743A206661696C656420746F20616C6CC8
:10E9C0006F63617465206E6577207265617373652E
:10E9D0006D626C7920636F6E7465787400696E7017
:10E9E00075743A207265617373656D626C7920632A
:10E9F0006F6E74657874206E6F7420666F756E64C8
:10EA00002028746167202564290A00696E70757476
:10EA10003A207061676520312C20364C6F524800D7
:10EA2000696E7075743A2070616765202575206E77
:10EA30006F7420737570706F727465640A00756E00
:10EA4000636F6D7072657373696F6E3A20495048D9
:10EA50004320646973706174636800756E636F6DE1
:10EA60007072657373696F6E3A2043494420666C17
:10EA7000616720736574202D20696E637265617310
:10EA800065206865616465722077697468206F6EBF
:10EA900065004E6F7420656E6F75676820706163E6
:10EAA0006B657462756620737061636520746F2096
:10EAB0006465636F6D70726573732068656164650A
:10EAC00072202825752062797465732C20257520A5
:10EAD0006C656674292E2041626F7274696E672EB0
:10EAE0000A00756E636F6D7072657373696F6E3A4D
:10EAF000206E6578742068656164657220696E6C4B
:10EB0000696E653A2025640A00756E636F6D7072D8
:10EB1000657373696F6E3A206572726F7220636FEE
:10EB20006E74657874206E6F7420666F756E640005
:10EB3000756E636F6D7072657373696F6E3A206E78
:10EB40006578742068656164657220697320696EF8
:10EB50006C696E65642E204E6578743A2025640ACF
:10EB600000756E636F6D7072657373696F6E3A20B6
:10EB7000666F756E6420657874206865616465727F
:10EB80002069643A202564206E6578743A202564F3
:10EB9000206C656E3A2025640A00756E636F6D7097
:10EBA00072657373696F6E3A206572726F72207549
:10EBB0006E737570706F7274656420657874206808
:10EBC000656164657200756E636F6D7072657373F5
:10EBD000696F6E3A2063616E6E6F7420777269742C
:10EBE0006520657874206865616465722062657966
:10EBF0006F6E642074617267657420627566666505
:10EC00007200457874656E73696F6E206865616423
:10EC10006572206C656E6774682069732062656C2C
:10EC20006F77203800756E636F6D707265737369EE
:10EC30006F6E3A202564206C656E3A20256420654D
:10EC40007874686472206C656E3A202564202863AD
:10EC5000616C633A202564290A00756E636F6D70DC
:10EC600072657373696F6E3A2063616E6E6F7420A4
:10EC700077726974652055445020686561646572D7
:10EC8000206265796F6E64207461726765742062BA
:10EC9000756666657200756E636F6D70726573730D
:10ECA000696F6E3A20696E636F6D696E6720686583
:10ECB000616465722076616C75653A2025690A0089
:10ECC000756E636F6D7072657373696F6E3A205500
:10ECD000445020706F72747320287074722B352921
:10ECE0003A2025782C2025780A00756E636F6D70A8
:10ECF00072657373696F6E3A2064657374696E61CF
:10ED000074696F6E206164647265737300756E63FD
:10ED10006F6D7072657373696F6E3A205544502041
:10ED2000706F72747320287074722B34293A202506
:10ED3000782C2025780A00756E636F6D707265738C
:10ED400073696F6E3A20736F7572636520616464D6
:10ED50007265737300756E636F6D7072657373693E
:10ED60006F6E3A2055445020706F72747320287073
:10ED700074722B32293A2025782C2025780A0075C8
:10ED80006E636F6D7072657373696F6E3A20657232
:10ED9000726F7220756E737570706F727465642017
:10EDA00055445020636F6D7072657373696F6E00A8
:10EDB000756E636F6D7072657373696F6E3A206301
:10EDC0006865636B73756D20696E636C75646564EB
:10EDD00000756E636F6D7072657373696F6E3A2044
:10EDE000636865636B73756D202A4E4F542A2069E2
:10EDF0006E636C7564656400756E636F6D707265CB
:10EE00007373696F6E3A20554450206C656E677459
:10EE1000683A20257520286578743A2025752920C0
:10EE200069705F6C656E3A202564207564705F6C54
:10EE3000656E3A2025640A00756E636F6D707265A9
:10EE40007373696F6E3A204950207061796C6F61FD
:10EE500064206C656E6774683A2025642E202575E1
:10EE6000202D202575202B202575202D2025750A85
:10EE700000696E7075743A206661696C656420740F
:10EE80006F206465636F6D707265737320495048BD
:10EE900043207061636B657400756E636F6D707293
:10EEA000657373696F6E3A204950563620646973F2
:10EEB000706174636800756E636F6D7072657373F3
:10EEC000696F6E3A20756E6B6E6F776E2064697332
:10EED00070617463683A203078253032782C206F66
:10EEE0007220495048432064697361626C65640A0A
:10EEF00000696E7075743A207061636B657420648C
:10EF0000726F707065642064756520746F20686529
:10EF100061646572203E20746F74616C207061635F
:10EF20006B657400696E7075743A20667261676D06
:10EF3000656E7420287461672025642C20706179C7
:10EF40006C6F61642025642C206F66667365742085
:10EF5000256429202D2D2025752025750A00696E30
:10EF60007075743A207061636B657420616E642003
:10EF7000667261676D656E7420636F6E7465787418
:10EF80002025752064726F707065642C206D696E29
:10EF9000696D756D2072657175697265642049507F
:10EFA0005F4255462073697A653A2025642B2564B3
:10EFB0002B25643D2575202863757272656E74205B
:10EFC00073697A653A202575290A00696E7075742F
:10EFD0003A2063616E6E6F7420636F70792074687D
:10EFE00065207061796C6F616420696E746F207444
:10EFF00068652062756666657200696E7075743A40
:10F0000020696E76616C696420746F74616C207322
:10F01000697A65206F6620667261676D656E7473CC
:10F0200000696E7075743A20696E76616C6964204F
:10F03000667261676D656E74206F666673657400D5
:10F04000696E7075743A20726563656976656420CF
:10F0500049507636207061636B65742077697468F7
:10F06000206C656E2025640A00756E636F6D70728A
:10F07000657373696F6E3A20616674657220282526
:10F0800075293A00736963736C6F7770616E00FE67
:10F09000800F252321008882800F28222000014034
:10F0A000FF537461636B00455252005B252D34732E
:10F0B0003A20252D3130735D2000436865636B2055
:10F0C000696E20696E636F6E73697374656E742008
:10F0D00073746174653A20256C642076732E202544
:10F0E0006C640A00436865636B206661696C6564E3
:10F0F0003A20256C642076732E20256C640A005318
:10F100007461636B20636865636B005443502F49DF
:10F110005000455252005B252D34733A20252D3185
:10F1200030735D20006F75747075743A20506163A0
:10F130006B657420746F6F20626967006F757470FF
:10F1400075743A2044657374696E6174696F6E20DA
:10F150006164647265737320756E7370656369664C
:10F16000696564006F75747075743A20726F757498
:10F17000696E672070726F746F636F6C206578744E
:10F18000656E73696F6E2068656164657220757065
:10F1900064617465206572726F7200494E464F005B
:10F1A0006F75747075743A2073656E64696E67204C
:10F1B000746F206F757273656C66006F757470750F
:10F1C000743A2070726F63657373696E672025757A
:10F1D000206279746573207061636B657420667258
:10F1E0006F6D200020746F20006F75747075743A15
:10F1F0002073656C6563746564206E65787420683F
:10F200006F702066726F6D205352483A20006F7500
:10F21000747075743A2064657374696E6174696F93
:10F220006E206973206F6E206C696E6B006F757451
:10F230007075743A2064657374696E6174696F6E79
:10F24000206F66662D6C696E6B20616E64206E6F38
:10F250002064656661756C7420726F757465006FEB
:10F2600075747075743A206E6F20726F75746520B6
:10F27000666F756E642C207573696E6720646566B1
:10F2800061756C7420726F7574653A20006F7574C7
:10F290007075743A20666F756E64206465616420D1
:10F2A000726F757465006F75747075743A20666F4F
:10F2B000756E64206E65787420686F702066726F5A
:10F2C0006D20726F7574696E67207461626C653A47
:10F2D00020006F75747075743A206661696C65649E
:10F2E00020746F206175746F66696C6C206E65693F
:10F2F0006768626F7220636163686520666F722061
:10F30000686F737420002C206C696E6B2D6C6179B2
:10F310006572206164647220006F75747075743A50
:10F320002073656E64696E6720746F2000696E706B
:10F3300075743A2072656365697665642025752069
:10F3400062797465730A005443502F4950207374D6
:10F3500061636B00544D503130322073656E736FB2
:10F36000720049507636204E627200494E464F0078
:10F370005B252D34733A20252D3130735D200041FB
:10F380006464696E67206E65696768626F72207772
:10F3900069746820697020616464722000206C695F
:10F3A0006E6B206164647220002073746174652048
:10F3B00025750A004164642064726F7020697020B2
:10F3C000616464722000206C696E6B2061646472F9
:10F3D000202825702920004552520025733A2069C3
:10F3E0006E76616C696420617267756D656E740A12
:10F3F0000025733A206E65775F6C6C5F61646472A0
:10F400002C20002C20697320616C72656164792066
:10F410007573656420696E20616E6F746865722013
:10F420006E62720025733A20696E707574206E6288
:10F43000722063616E6E6F742062652072656D6FFD
:10F440007665640A0025733A2063616E6E6F7420DE
:10F45000616C6C6F636174652061206E6577206EEE
:10F46000627220666F72206E65775F6C6C5F61649C
:10F4700064720A007569705F6473365F6E62725FF2
:10F480007570646174655F6C6C004950763620520B
:10F490006F75746500494E464F005B252D34733AF5
:10F4A00020252D3130735D200052656D6F76696EB9
:10F4B000672064656661756C740045525200416452
:10F4C000642064656661756C743A20636F756C6462
:10F4D000206E6F74206164642064656661756C746D
:10F4E00020726F75746520746F20002C206F757406
:10F4F000206F66206D656D6F7279004164642064D1
:10F50000656661756C743A20616464696E67206435
:10F51000656661756C7420726F75746520746F20F8
:10F520000052656672657368696E6720646566611E
:10F53000756C740044656661756C7420726F7574C7
:10F54000652C204950206164647265737320004407
:10F55000656661756C7420726F75746520666F7571
:10F560006E642C20495020616464726573732000BE
:10F5700044656661756C7420726F75746520496EA0
:10F58000636F6D706C65746520666F756E642C209A
:10F59000495020616464726573732000446566613C
:10F5A000756C7420726F75746520706572696F6414
:10F5B00069633A206465667274206C696665746973
:10F5C0006D652065787069726564004950763620F3
:10F5D000445300494E464F005B252D34733A202595
:10F5E0002D3130735D2000416464696E6720707254
:10F5F0006566697820006C656E6774682025752CD7
:10F6000020666C6167732025782C2056616C6964D4
:10F61000206C69666574696D6520256C782C2050B6
:10F620007265666665726564206C69666574696D8D
:10F630006520256C780A004E6F206D6F726520730F
:10F640007061636520696E20507265666978206C10
:10F6500069737400496E69743A202575206E656976
:10F660006768626F72730A0025752064656661754C
:10F670006C7420726F75746572730A002575207042
:10F68000726566697865730A00257520726F7574F6
:10F6900065730A00257520756E6963617374206156
:10F6A00064647265737365730A002575206D756CEB
:10F6B00074696361737420616464726573736573E4
:10F6C0000A00257520616E7963617374206164643A
:10F6D0007265737365730A0049434D50763600496D
:10F6E0004E464F005B252D34733A20252D31307363
:10F6F0005D20005265636569766564204563686FC7
:10F70000205265706C792066726F6D200020746FD6
:10F7100020005265636569766564204563686F20E3
:10F72000526571756573742066726F6D2000536544
:10F730006E64696E67204563686F205265706C79EE
:10F7400020746F20002066726F6D20005741524E6A
:10F7500000556E61626C6520746F2072656D6F7606
:10F7600065206578742068656164657220626566ED
:10F770006F72652073656E64696E672049434D50F2
:10F780007636204552524F52206D6573736167651E
:10F790000053656E64696E672049434D507636208C
:10F7A0004552524F52206D657373616765207479BD
:10F7B000706520256420636F646520256420746F64
:10F7C000200045525200696E76616C696420617256
:10F7D00067756D656E743B20646573742069732072
:10F7E0004E554C4C0053656E64696E672049434D1D
:10F7F000507636207061636B657420746F20002C26
:10F8000020747970652025752C20636F6465202530
:10F81000752C206C656E2025750A004950763620BF
:10F820004E445000494E464F005B252D34733A201C
:10F83000252D3130735D20005265636569766564FE
:10F84000204E532066726F6D200020746F200020C0
:10F85000776974682074617267657420616464728A
:10F860006573732000455252004E532072656365E4
:10F87000697665642069732062616400496E7375FE
:10F880006666696369656E74206461746120666F81
:10F8900072204E5320534C4C414F206F7074696F4F
:10F8A0006E005741524E004E44206F7074696F6E67
:10F8B000206E6F7420737570706F72746564206948
:10F8C0006E204E530053656E64696E67204E412072
:10F8D000746F20002066726F6D20004950763620CC
:10F8E000535200455252005B252D34733A20252D8A
:10F8F0003130735D20004E533A206E6F207370617B
:10F900006365206C65667420666F7220726F6F7419
:10F91000206E6F646521004E533A206E6F20737025
:10F92000616365206C65667420666F722063686928
:10F930006C642000494E464F004E533A2075706467
:10F940006174696E67206C696E6B2C206368696CEA
:10F950006420002C20706172656E7420002C206C75
:10F9600069666574696D652025752C206E756D5FFF
:10F970006E6F6465732025750A004E533A207265D8
:10F980006D6F76696E672065787069726564206E48
:10F990006F64652000202028444F44414720726F47
:10F9A0006F7429002020746F200020286C69666520
:10F9B00074696D653A20256C75207365636F6E649C
:10F9C00073290020286C69666574696D653A206941
:10F9D0006E66696E69746529004950763600444246
:10F9E00047005B252D34733A20252D3130735D207F
:10F9F000005570706572206C61796572206368656E
:10FA0000636B73756D206C656E3A20256420667299
:10FA10006F6D3A2025640A0045525200457874659E
:10FA20006E73696F6E20686561646572206F7074B3
:10FA3000696F6E20746F6F206C6F6E673A2064720E
:10FA40006F7070696E67207061636B6574005072CF
:10FA50006F63657373696E672050414431206F7026
:10FA600074696F6E0050726F63657373696E67209F
:10FA70005041444E206F7074696F6E0050726F6316
:10FA8000657373696E672052504C206F7074696F94
:10FA90006E0052504C204F7074696F6E2045727228
:10FAA0006F723A2044726F7070696E6720506163A4
:10FAB0006B657400556E7265636F676E697A656415
:10FAC000206F7074696F6E2C204D53422030782562
:10FAD000780A0052656D6F76696E672049507636F8
:10FAE00020657874656E73696F6E20686561646502
:10FAF000727320286578746C656E3A2025642C201A
:10FB00007569706C656E3A202564290A0075697004
:10FB10005F6C656E20746F6F2073686F7274206302
:10FB20006F6D706172656420746F20657874206CED
:10FB3000656E005741524E00696E636F6D706C6563
:10FB4000746520495076362068656164657220725C
:10FB5000656365697665642028256420627974652B
:10FB600073290A00696E76616C6964207665727328
:10FB7000696F6E007061636B65742073686F727477
:10FB80006572207468616E207265706F727465644E
:10FB900020696E2049502068656164657200647256
:10FBA0006F7070696E67207061636B657420776930
:10FBB0007468206C656E677468202564203E20257B
:10FBC000640A00696E76616C696420657874656E9C
:10FBD00073696F6E2068656164657220636861692E
:10FBE0006E00494E464F007061636B65742072650C
:10FBF0006365697665642066726F6D200020746F9E
:10FC0000200044726F7070696E67207061636B656D
:10FC1000742C20737263206973206D6361737400A8
:10FC20004C4C20736F7572636520616464726573F8
:10FC3000732077697468206F6666206C696E6B202C
:10FC400064657374696E6174696F6E2C2064726F81
:10FC50007070696E670044726F7070696E672070B3
:10FC600061636B65742C206E6F7420666F72206DFB
:10FC70006520616E64206C696E6B206C6F63616CD3
:10FC8000206F72206D756C746963617374005072BB
:10FC90006F63657373696E67206862682068656169
:10FCA0006465720050726F63657373696E67206478
:10FCB0006573746F206865616465720050726F636C
:10FCC000657373696E6720526F7574696E6720681B
:10FCD000656164657200556E7265636F676E697AFF
:10FCE000656420726F7574696E6720747970650041
:10FCF000667261676D656E742064726F70706564A2
:10FD00002E00756E7265636F676E697A6564206830
:10FD100065616465720069636D70763620696E7026
:10FD20007574206C656E6774682025642074797022
:10FD3000653A202564200A0069636D70763620627A
:10FD4000616420636865636B73756D00556E6B6EDF
:10FD50006F776E2049434D507636206D6573736121
:10FD6000676520747970652F636F64652025640A68
:10FD700000526563656976696E672055445020704E
:10FD800061636B6574007564703A2062616420631E
:10FD90006865636B73756D2030782530347820305A
:10FDA00078253034780A007564703A207A65726F6D
:10FDB00020706F72742E007564703A206E6F206D23
:10FDC00061746368696E6720636F6E6E65637469E2
:10FDD0006F6E20666F756E6400496E207564705F8B
:10FDE000666F756E6400496E207564705F73656E32
:10FDF00064000A495054435048204C454E472069FE
:10FE0000732025640025643A2563256320000A2DAC
:10FE10002D4950544350480053656E64696E672005
:10FE20007061636B65742077697468206C656E67B8
:10FE3000746820256420282564290A00284E554C22
:10FE40004C204950206164647229003A3A46464683
:10FE5000463A25752E25752E25752E2575003A3ABC
:0DFE6000003A00257800286E756C6C2900B2
:10FE6E0000000FCA9C3800000000000000002CCAE1
:10FE7E0034400000000000002600020053248012CF
:10FE8E00060008005524CC12080008005D24FC1260
:10FE9E0000008BCE944F00000000000000009ACEB0
:10FEAE00A851000000000000CDAB000073CFA65B90
:10FEBE0000000000000000000A00000000005013C7
:10FECE0003000400040004000400040004009A2847
:10FEDE000A0008007A249414AA0008008724A815A2
:10FEEE00020008008F24F81A00009B008691000083
:10FEFE0000009B01328D000000009B02EA8A000088
:10FF0E0000009B03268A0000FA99000078980000F2
:10FF1E008A9800001E9900009E98000046990000E5
:10FF2E0086990000729800000100CC1100000800B4
:10FF3E0000000000181B000063E206AB000000008A
:10FF4E0000000000FFF074C0000000000000000080
:10FF5E0047F3F4C50000000000000000120000008E
:10FF6E00000082221C0002009F241423000080FF48
:10FF7E006C200100000081FFA41F0100000087FF1C
:10FF8E00DE24010012000800A124922302C9F4C845
:10FF9E00F2C90000010000001D480000002050FFC3
:10FFAE00150802FF0920072C0A2800000000011482
:10FFC00076337633763376337633763376337633E9
:10FFD00076337633763376337633763376337633D9
:10FFE000F43678373E35C235763376337633AE37EE
:10FFF00024368C37D8377633FE3576337633003176
:020000021000EC
:100000007B143150F2FF7F400C00B013C86AB0136C
:10001000D85EC2439A24C2439B24B0136669824FC0
:10002000961BB01356690F931220A29366110234E7
:100030008001821130126BE2301273E2301278E2EA
:10004000B113883E315006003F4051E95E3CB11388
:100050000E3C6F42B013AA6A0E4F7F400600B113E8
:10006000E83B7F400300B013AA6A0E4F7F400700B1
:10007000B113E83B1F42961B674F87105E4F01008C
:1000800007DE0E478E103EF0F8003E90C0000424BC
:100090003E90E00091204F3C37F0FF07584F0200A0
:1000A00088105F4F030008DFE2529B24B2900300E8
:1000B0006611123830126BE2301200E4301278E22E
:1000C000B113883E3150060007120812301265E95C
:1000D000B113883E315006004D430E470F48B01310
:1000E00048AE464F7F9315209293661102348001EB
:1000F000821130126BE23012BFE3301278E2B1139A
:10010000883E315006003F40ACE9B113C44780013E
:1001100082118F110E4F5E065F0E0F8E0B4F5B0E1E
:100120000B8F3B5020003B50A41BB14094000800B3
:10013000D14307004B3C594F0400584F0200881030
:100140005F4F030008DF37F0FF07F25005009B24E4
:100150004D490E470F48B01348AE464F7F931320CA
:100160009293661102348001821130126BE23012D8
:10017000BFE3301278E2B113883E31500600081216
:100180003012DDE9653C4E4F8E110F4E5F065E0E5C
:100190000E8F0F4E5F0E0F8E3F50A41B55438F974F
:1001A0001400012C4543B1408C0008000B43C143AF
:1001B00007005A4380015E0E464308430743B1409F
:1001C0008C0008003B40BE27C1430700C2439C246B
:1001D0005E429B244F4E1F52961B6F4F4D4F7DF03A
:1001E000F0FF7D90F0FF07207FF00F00C24F9C24AE
:1001F0005E53C24E9B245F429C245F931320B290B7
:10020000030066112A3830126BE2301200E430121B
:1002100078E2B113883E315006003F400BEAB1133B
:10022000C4471B3C6F9319289293661102348001D6
:10023000821130126BE23012BFE3301278E2B11358
:10024000883E315006005F429C240F12301220EA93
:10025000B113883E2152800182115F429B241F52BC
:10026000961B6F4F4E4F7EF0E0FF7E9060000224A1
:100270008001D60DA29266110E3830126BE2301258
:1002800066E3301278E2B113883E315006003F40F9
:100290003EEAB113C447B01356690A4F5F429B242C
:1002A0000D4F2D530A9D022C800166111E42961B94
:1002B0000D5E824DA01B0F5E754F694F499313343D
:1002C000A29266110E3830126BE2301266E33012E1
:1002D00078E2B113883E315006003F405BEAB1132B
:1002E000C4479253A01B4E457EF010004F457FF24D
:1002F0004E9369201442A01B4F932B200F441F8262
:10030000961B2F520A9F022C8001A80A3D40030031
:100310000E441E530F4B1F53B1134C486F442452CD
:100320008244A01B4E4F5E074D4E7DF00F007DD0E6
:100330006000CB4D00007EF030004F4F5F0E5F0637
:100340004EDF5F4B01007FF00F004EDFCB4E010010
:10035000663CFB40600000000F441F82961B3F502C
:1003600003000A9F192CA2936611023480016611C2
:1003700030126BE2301273E2301278E2B113883E31
:10038000315006001F42961B1F82A01B0F5A0F12EE
:10039000301203008001840B0F447E4F0D4E5D0729
:1003A0007DF030007EF00F004DDECB4D01000E4B96
:1003B0002E53EE4F0000DE4F0100010034500300C9
:1003C0008244A01B2C3C4F9323201E42A01B0F4EA7
:1003D0001F82961B1F530A9F022C800180086F4EBC
:1003E0005F073FF00F007FD06000CB4F00006F4EE3
:1003F0000D4F5D077DF030004F4F5F0E5F064DDF04
:10040000CB4D01008B4302001E53824EA01B073CC4
:10041000FB4060000000CB4301008B4302004E45CF
:100420006EF2C14E060023201E42A01B0F4E1F82FB
:10043000961B1F530A9F022C80018008EB4E06007A
:10044000A2926611123830126BE2301266E330125B
:1004500078E2B113883E315006005F4B06000F1260
:100460003012E2EAB113883E21529253A01B75F07C
:10047000030005244545DB459DF007000F3C1F4266
:10048000A01B0E4F1E82961B1E530A9E022C80013B
:100490008008EB4F07001F53824FA01B054935F022
:1004A0003000550D79B040003624499308345F423E
:1004B0009B241F52961B5F4F02005F0F013C4F436E
:1004C000444544931924B0132AAC824FA21B0F93C6
:1004D00013209293661102348001661130126BE290
:1004E0003012BFE3301278E2B113883E315006007B
:1004F0003F4009EB80013A0C7F400C00B013C86A02
:100500005D4595F0449304241E42A21B2E53013CEA
:100510000E430C4F093C7F400C00B013C86A0C4FCF
:100520005D4599F03E408FF00F4B3F52B0134CB0F9
:10053000454975F003004E497EF24F496FF24E93E4
:100540001F244F934D20F1430000E14301004F452C
:100550007F536F930F2C1F42A01B0E4F1E82961BC2
:100560001E530A9E022C80018008E14F01001F5398
:10057000824FA01B45450C435D4591F00E412B3C3D
:100580004F931F24499309345F429B241F52961BAB
:100590005F4F02007FF00F00013C4F43B0132AACC5
:1005A000824FA21B0F930120943F7F400D00B01398
:1005B000C86A45450C4F5D4595F01E42A21B2E535F
:1005C0000A3C7F400D00B013C86A45450C4F5D459D
:1005D00099F03E408FF00F4B3F501800B0134CB0D5
:1005E000F25028009A241F42A01B1F82961B1F5303
:1005F0000A9F022C80018008044B34500600094BEE
:1006000039502800C1430A0080015808054E35F0D2
:100610000E0055015EF3C14E06000E4F1E53824E72
:10062000A01B1E82961B1E530A9E022C800180086E
:10063000C19306001C20D14F010004002F53824FAC
:10064000A01BA2926611153830126BE2301266E3DD
:10065000301278E2B113883E315006005F41040049
:100660000F12301230EBB113883E2152023CC143CD
:1006700004001F42A01B0E4F1E82961B1E530A9E93
:10068000022C80018008E14F0B001F53824FA01BFA
:10069000A2926611163830126BE2301266E3301205
:1006A00078E2B113883E315006005F410B000F1213
:1006B0005F4106000F120512301261EBB113883E44
:1006C00031521593292425930334059322240E3C9B
:1006D00025930424359003000920043CF1402C00AC
:1006E00002001D3CF1403C000200193CA292661140
:1006F00002348001661130126BE2301266E3301270
:1007000078E2B113883E315006003F409AEB8001F9
:100710003A0CC1430200033CF1402B000200D441DB
:100720000200000055410B000F490F8B2F530F554E
:10073000819F0800132CA293661102348001661178
:1007400030126BE2301273E2301278E2B113883E5D
:10075000315006003F40C6EB80013A0C0F452F5345
:100760005F094E4FC94F01004E931320A2936611AB
:1007700002348001661130126BE2301273E23012E3
:1007800078E2B113883E315006003F4002EC800110
:100790003A0C7E53C94E0100D941040000000449BF
:1007A0001C42A01B0E451E53814E04000F4C1F829D
:1007B000961B0F5E0A9F192CA293661102348001CA
:1007C000661130126BE2301273E2301278E2B1132C
:1007D000883E315006001F42961B1F82A01B0F5AF5
:1007E0000F12111208008001840B0D450E4C0F49A9
:1007F0002F53814C0C00B1134C481C410C000C557C
:10080000824CA01B5949010019534F495F0A4F4FB1
:10081000C25F9A24590A0954C15F0A00A292661164
:100820001B3830126BE2301266E3301278E2B113FB
:10083000883E315006005E4401000F4E1F535F0A90
:100840000F120E1205125F4108000F12301225EC34
:10085000B113883E31500A001F42A01BC19306000D
:1008600009246E4F4D4E7DF0F0FF7D90E0FF022099
:1008700080010C060E4F1E82961B1E530A9E182CDA
:10088000A293661102348001661130126BE23012BD
:1008900073E2301278E2B113883E315006001F42F5
:1008A000961B1F82A01B0F5A0F1213128001840B7C
:1008B000C1930600022080012E0D6E4F7EF0F8FFDE
:1008C0007E90F0FF022480012E0D0E490E8B3E52C9
:1008D000819E0800132CA2936611023480016611D8
:1008E00030126BE2301273E2301278E2B113883EBC
:1008F000315006003F405AEC80013A0CF4401100A0
:100900000000654F65F2A2926611133830126BE257
:10091000301266E3301278E2B113883E315006009F
:100920001F42A01B6F4F0F12301296ECB113883E7E
:1009300021521F42A01B6E4F7EF0F3FF7E90F1FF0D
:100940006C247E90F2FF062C7E90F0FF0224800142
:10095000180C0A3C7E90F2FF8E247E90F3FF022456
:100960008001180C80014C0B0E4F1E82961B3E50CE
:1009700005000A9E192CA2936611023480016611AB
:1009800030126BE2301273E2301278E2B113883E1B
:10099000315006001F42961B1F82A01B0F5A0F12D8
:1009A000301205008001840B0E4F1E53E94E0000EB
:1009B000D94E010001000E492E533F500300EE4F67
:1009C0000000DE4F01000100A292661121383012B2
:1009D0006BE2301266E3301278E2B113883E315098
:1009E00006001E4902000F4E8F104F4F4E4E8E10C4
:1009F0000FDE0F122E490F4E8F104F4F4E4E8E109E
:100A00000FDE0F123012C0ECB113883E31500600D9
:100A1000B2500500A01B8001420CA29266110E3854
:100A200030126BE2301266E3301278E2B113883E86
:100A3000315006003F40EAECB113C4471F42A01BEF
:100A40000E4F1E82961B2E520A9E012C2D3C0E4FDD
:100A50001E53E94E0000D94E010001005F4F030014
:100A60003F5000F00E4F8E104E4E4F4F8F100FDE46
:100A7000894F0200443CA29266110E3830126BE29C
:100A8000301266E3301278E2B113883E315006002E
:100A90003F4037EDB113C4471E42A01B0F4E1F82CB
:100AA000961B2F520A9F172CA293661102348001C5
:100AB000661130126BE2301273E2301278E2B11339
:100AC000883E315006001F42961B1F82A01B0F5A02
:100AD0000F122212573C5F4E01003F5000F00D4FA5
:100AE0008D104D4D4F4F8F100FDD894F00000F4976
:100AF0002F532E53EF4E0000DF4E01000100A29253
:100B00006611213830126BE2301266E3301278E25F
:100B1000B113883E315006001E4902000F4E8F105F
:100B20004F4F4E4E8E100FDE0F122E490F4E8F106C
:100B30004F4F4E4E8E100FDE0F1230120DEDB113CF
:100B4000883E31500600A252A01B7B3C0E4F1E82F5
:100B5000961B2E530A9E1E2CA2936611023480010E
:100B6000661130126BE2301273E2301278E2B11388
:100B7000883E315006001F42961B1F82A01B0F5A51
:100B80000F122312301292EAB113883E3150060040
:100B9000800166115E4F01005E0F3E50B0F00D4EB9
:100BA0008D104D4D4E4E8E100EDD894E00005F4F64
:100BB00001003FF00F003F50B0F00E4F8E104E4E30
:100BC0004F4F8F100FDE894F0200A292661121381D
:100BD00030126BE2301266E3301278E2B113883ED5
:100BE000315006001E4902000F4E8F104F4F4E4EDF
:100BF0008E100FDE0F122E490F4E8F104F4F4E4E9C
:100C00008E100FDE0F12301255EDB113883E3150A9
:100C10000600A253A01B153CA2926611023480016B
:100C2000661130126BE2301266E3301278E2B113D3
:100C3000883E315006003F407FEDB113C44780012C
:100C40006611459324201F42A01B0E4F1E82961B47
:100C50002E530A9E012C803F0E493E500600EE4F57
:100C60000000DE4F010001002F53824FA01BA29213
:100C700066111E3830126BE2301266E3301278E2F1
:100C8000B113883E315006003F40B0ED0F3CA292B8
:100C900066110E3830126BE2301266E3301278E2E1
:100CA000B113883E315006003F40D1EDB113C44727
:100CB000B01356691A42961B1A82A01B3A520A5F59
:100CC000079304204E4A8E100D4A093C0E473E50B1
:100CD000D8FF5F410A000E8F0D4E4E4E8E108D10C4
:100CE0004D4D0EDD894E0400A29266111E38301261
:100CF0006BE2301266E3301278E2B113883E315075
:100D000006000A1207125F410E000F121E4904006E
:100D10000F4E8F104F4F4E4E8E100FDE0F123012AF
:100D2000F8EDB113883E31500A00F2529A245F4226
:100D3000A01B5F82961BC24F9B2407933120B013E8
:100D4000566955429A243550D8FF5E429B24058E41
:100D5000055FA29266111C3830126BE2301266E316
:100D6000301278E2B113883E3150060059429A247D
:100D70005A429B24B01356693012280009120A12F5
:100D80000F120512301238EEB113883E31500C00AC
:100D90000F458F10CB4F0400CB4505008001721129
:100DA0000F473F50D8FF8F10CB4F04004E477E5067
:100DB000D8FFCB4E05008001721130126BE2301269
:100DC000BFE3301278E2B113883E315006003F4055
:100DD00071EE80010A017F9041002620A2926611E7
:100DE0000E3830126BE2301266E3301278E2B11343
:100DF000883E315006003F4099EEB113C4475A4235
:100E00009B244E4A5E534E4E3D4028001E52961B78
:100E10000F4BB1134C487A502900C24A9B24F25020
:100E200028009A2480017211929366110234800185
:100E3000821130126BE23012BFE3301278E2B1134C
:100E4000883E315006005F429B241F52961B6F4F15
:100E50003FF0E0000F123012B6EE80015002B013E6
:100E600056695E429B240F9E132C929366110234A6
:100E70008001821130126BE23012BFE3301278E24F
:100E8000B113883E315006003F40F1EE80010A0167
:100E9000B01356695E429B240F8E824F9E1B4A936D
:100EA0002024B290030066111C3830126BE230121D
:100EB00000E4301278E2B113883E3150060054420B
:100EC0009B24B013566904120F124F495F0A0F1288
:100ED00012129E1B0812301224EFB113883E3150BB
:100EE0000C0054429A244F444949590A18429E1B07
:100EF0000D480D5F0E4D0E59814E02003E908D0043
:100F0000212892936611B53830126BE23012BFE39C
:100F1000301278E2B113883E3150060030128C0056
:100F20001112060012129E1B09125F429A240F1220
:100F30004F468F110F1230125EEFB113883E3150C1
:100F40000E00973C0B931E24819D0800132C929356
:100F5000661102348001821130126BE23012BFE35D
:100F6000301278E2B113883E315006003F40CBEF9B
:100F700080010A015E429B240D481E52961B0F5BA6
:100F8000B1134C4807939424C193070011244D4694
:100F90008D114E440E580F4D5F065D0E0D8F0F4D97
:100FA0005F0E0F8D3F50A41B8F4E14008F4E1E00FE
:100FB0004593022080017E11454685110E455E064F
:100FC0000F455F0E0F8E0E4F5E0E0E8F0F4E3F5071
:100FD000A41B8F471400194F12001B4F1E00099BC2
:100FE000032839908D001028A293661142383012E0
:100FF0006BE2301273E2301278E2B113883E315066
:1010000006003F40FAEF333C3E5020000D4B3E506F
:10101000A41B3F40BE27B1134C480D490D8B0E4316
:101020000F4B3F50BE27B1131C4A39400C1D0B43D8
:101030005D4902004D932E246F490F952B204D4D95
:101040005F4901005F0A0E4F0E5D3E908D0015282E
:10105000A29366110E3830126BE2301273E2301236
:1010600078E2B113883E315006003F4021F0B113C1
:10107000C4474F46B013F2AB843C0C4B5C0A0E4C99
:101080005E0A0E8C0E5B5E023E500F1D3F50BE2767
:10109000B1134C481B53395072003B900C00C823CD
:1010A0004F46B013F2AB4A9308248247B227093C5B
:1010B0004A9303244593F923643C444408548248EA
:1010C000B227B29003006611113830126BE2301271
:1010D00000E4301278E2B113883E3150060012125B
:1010E000B227301240F0B113883E2152A29266110D
:1010F0002E3830126BE2301266E3301278E2B11310
:10110000883E315006005F42C3270F12301269F04B
:10111000B113883E21520B430D3C5F4BBE27A29278
:10112000661107384F4F0F12301284E4B113883E16
:1011300021521B535F42C3273F5028000B9FED2BCA
:10114000A292661104383F400A00B1138A118293BB
:101150008A1B0624B01358AC1F428A1B5F1302007F
:10116000B013B4C10E3C9293661102388001BA0DDF
:10117000083C5A4107004543494380015E0E4A93AB
:101180009C2731500E00741610010B140B4F4F4F5B
:10119000B113A8110F4B0B1610015F4265005E42A0
:1011A0009E245FF34FDE10010B144B4FB113623DD1
:1011B000D2B36500FD23C24B67000B1610012182DC
:1011C000814E0000814F0200D2D36100F2D080FF37
:1011D0006100E2416200D24101006300F24006007A
:1011E0006400F2F0DFFF1A00F2D010001A00F2D013
:1011F00030001B00C2439E24D2C30300E2C303009D
:10120000D2C36100D2D30100215210010B140B4F45
:101210000F9308248013D8C90E4B3F40FA11B01326
:101220001268013C0F430B161001B013F85F8E01DA
:101230000C123F40FA11B013026610013B14084F24
:10124000094E4A4C1C4116001D4114003F40FA1142
:10125000B01360670B4F0F9340243D4010000E48C1
:10126000B1134C48CB4A1100B290030068110F38FB
:10127000301262F330126BF3301270F3B113883E08
:101280003150060030127FF3B113883E2153B290E3
:101290000300681103380F48B013E860B2900300F0
:1012A0006811053830129DF3B113883E2153B29076
:1012B0000300681103380F49B0131A61B29003009C
:1012C000681107384A4A0A123012A9F3B113883E4E
:1012D00021520F4B8013D8C9363CB29003006811DD
:1012E0000F38301262F330126BF3301270F3B11317
:1012F000883E315006003012B4F3B113883E2153BA
:10130000B2900300681103380F48B013E860B29040
:1013100003006811063809123012C6F3B113883E73
:101320002152B2900300681103380F49B0131A61BB
:10133000B2900300681107384A4A0A123012A9F322
:10134000B113883E21520F4B381610010E4F3F400B
:10135000FA11B0135C6810010E4F3F40FA11B01340
:101360003E6610011B140A4F0F9302200B43123CE0
:10137000B01364C80B3C3D4010000E4A0F4BB11334
:1013800020480F9307240F4BB11358130B4F0F93A3
:10139000F223EC3F0F4B1A1610010E4F3F40FA118B
:1013A000B013C06610012B143150EEFF0A4F0B4EE4
:1013B0000F9302240E931720929368110134113C6D
:1013C000301262F33012D7F3301270F3B113883E4B
:1013D00031500600301274F43012DBF3B113883E42
:1013E00021523F436E3C0F4EB1139A130F932224A8
:1013F000929368111138301262F33012D7F3301221
:1014000070F3B113883E31500600301274F430127C
:10141000F1F3B113883E21529293681103380F4BB8
:10142000B0131A6192936811DC3B3F4003F4B1138F
:10143000C447D73F294A3D4012000E490F41B1131E
:101440004C480F49B1130C120F931220929368115C
:10145000C83B301262F33012D7F3301270F3B1137D
:10146000883E31500600301274F4301224F4B63F36
:101470000312301205005C4115005D4114000E4B53
:101480000F412F52B1133C1221528A4F00000F938B
:10149000122092936811A53B301262F33012D7F3F9
:1014A000301270F3B113883E31500600301274F4DC
:1014B000301245F4933F3D4012000E41B1134C48A9
:1014C0000F433150120029161001B1139A13100165
:1014D000B11364130F930324B1134C1310010F4382
:1014E000100110013F400412B01384623F401223E8
:1014F000B013406010010F4310010F4310011001A1
:101500000B140B4F3F401223B0134660213C0F9B3E
:101510001D20B290030068110E3830128AF4301288
:1015200095F430129AF4B113883E315006003F40D2
:10153000A9F4B113C4470E4B3F401223B0135C60B3
:101540000E4B3F400412B013F862043CB013DC6051
:101550000F93DD230B1610011B140A4F0F9302206B
:101560000B43153C3F401223B01346600C3C3D40FA
:1015700010000E4A0F4B2F53B11320480F9307242E
:101580000F4BB013DC600B4F0F93F123E93F0F4B70
:101590001A1610013B140A4F084D094E0F930220F2
:1015A0000B437D3CB11358150B4F0F934F203F4019
:1015B0000412B013BA620B4F0F932020929368115C
:1015C0000F3830128AF43012BAF430129AF4B11390
:1015D000883E315006003012BEF4B113883E2153CC
:1015E0009293681103380F4AB013E8609293681120
:1015F000D73B3F40EBF4B113C447513CB2900300DA
:1016000068110F3830128AF4301295F430129AF4BF
:10161000B113883E315006003012FBF4B113883EFE
:101620002153B2900300681103380F4AB013E860E9
:10163000B2900300681104383F400A00B1138A11C8
:101640000E4B3F401223B0139060123CB290030047
:1016500068110E3830128AF4301295F430129AF470
:10166000B113883E315006003F4021F5B113C44705
:101670003D4010000E4A0F4B2F53B1134C480893B6
:10168000022009930A240D480E490F4B3F501200C7
:10169000B01346C1CB431A00023CDB431A000F4B88
:1016A000381610011B143F401223B01346600A4F36
:1016B0000B43763CB290030068110F3830128AF465
:1016C000301295F430129AF4B113883E315006006E
:1016D000301234F5B113883E2153B29003006811E3
:1016E00004380F4A2F53B013E860B290030068111A
:1016F00004383F400A00B1138A110B4A2B530F4B99
:10170000B11364130F932624CF9311002324B290B6
:10171000030068110F3830128AF4301295F4301239
:101720009AF4B113883E3150060030124FF5B113D0
:10173000883E2153B2900300681103380F4BB01359
:10174000E860B290030068112D383F400A00B113E1
:101750008A11283CB290030068110F3830128AF4C5
:10176000301295F430129AF4B113883E31500600CD
:10177000301270F5B113883E2153B2900300681106
:1017800003380F4BB013E860B290030068110438BF
:101790003F400A00B1138A110F4AB013DC600A4FB0
:1017A0000A9388230F4B1A1610010B141F3CCB937E
:1017B0001A0021200F4B3F501200B01362C10F934B
:1017C0001A24B290030068110E3830128AF43012D5
:1017D00095F430129AF4B113883E315006003F4020
:1017E0009CF5B113C4470F4BB11300153F401223B2
:1017F000B0134660033C0F4BB013DC600B4F0F93EC
:10180000D6230B1610013F404C2310015B140B4FE5
:10181000074D064C1A411E000F932E240C932C24C6
:101820000A932A248A4300004E4E021232C2034316
:10183000824E3201824D380119423A013241095F2C
:1018400058411C00580B113CCB9300000B240D4851
:101850000E460F4B2F53B11320480F9305208A4B90
:1018600000000B3C8A4B00000B570B99ED2B8A9321
:10187000000002245F43013C6F43561610017B14A5
:101880002183054F474EC14D0000464C1A412600AA
:101890001B41280018412A0019412C0030126E23E8
:1018A0004E120C4F3D401E007E4003003F404C272F
:1018B000B1130C1821525F934A201F426E23DF435D
:1018C000000014426E233D4010000E450F442F537C
:1018D000B1134C48C4471200E4411300C4461C0035
:1018E000844A1400844B16008448180084491A0066
:1018F000B290030068110F383012CBF53012D3F5D7
:101900003012D8F5B113883E315006003012E7F599
:10191000B113883E2153B2900300681105381F426D
:101920006E232F53B013E860B290030068110C3897
:1019300019151B1546460612474707123012F6F5D1
:10194000B113883E31500E001F426E23133CB290FB
:10195000030068110E383012CBF53012D3F5301277
:10196000D8F5B113883E315006003F4037F6B11329
:10197000C4470F432153741610011B140A4FB24081
:101980004C276E23113CCB9300000A245D4B1200C0
:101990005D0B0E4A0F4B2F53B11320480F930B24AE
:1019A0003B501E00824B6E231B426E233B90A627AA
:1019B000EA2B4F43013C5F431A16100130126C238F
:1019C000701280FF0C4F3D401E007E4003003F40E0
:1019D0004E26B1130C1821524F9303201F426C2343
:1019E00010010F4310014D4FB2404E266C23133CA3
:1019F000CF9300000C247D9306245C4F12004E4DC3
:101A00008E110C9E0420BF90FE8002000A243F50DD
:101A10001E00824F6C231F426C233F90A826E82BA8
:101A20000F4310011B140A4F30127023701280FFF5
:101A30000C4F3D4012007E4007003F40CC26B113C2
:101A40000C1821525F930E201F427023DF430000C9
:101A50001B4270233D4010000E4A0F4B2F53B11311
:101A60004C48013C0B430F4B1A1610014B140A4F04
:101A7000084D094E474C30126C23701280FF0C4FFA
:101A80003D401E007E4003003F404E26B1130C181F
:101A900021525F9342201F426C23DF4300001B4210
:101AA0006C233D4010000E4A0F4B2F53B1134C488E
:101AB000CB4713000893052009930320DB43140050
:101AC000093CCB4314000D480E490F4B3F50160004
:101AD000B01346C11F426C23DF431200F2435C2364
:101AE000E2435D2382435E23824360238243622379
:101AF00082436423C2436623D2436723F2436823AD
:101B0000D24A0D006923924A0E006A233F405C23AB
:101B1000B113241A1F426C23013C0F4347161001D6
:101B20000F930224CF430000100130127023701273
:101B300080FF0C4F3D4012007E4007003F40CC2606
:101B4000B1130C1821524F9303201F427023100130
:101B50000F4310010B140B4F0F932424F2435C230B
:101B6000E2435D2382435E238243602382436223F8
:101B700082436423C2436623D2436723F24368232C
:101B8000D24F0F006923924F10006A233F405C231D
:101B9000B1132A1B824F70230F930224B113201B11
:101BA000CB4300000B161001B2404E266C23133CB1
:101BB000CF9300000D24CF9314000A203F5016004D
:101BC000B01362C10F9304241F426C23B113541B42
:101BD000B2501E006C231F426C233F90A826E82BB6
:101BE000B113AA173F40A627B013BE5210010B1421
:101BF0000B4F3D423F52B1134C48EBE308000B162C
:101C000010010B140B4F3D423E52B1134C48EBE315
:101C100000000B1610012B14094F0D434F430C49C4
:101C20000C5D6A4C0C4E0C5D6B4C4C4F7C524A9BCD
:101C300006204F4C1D537C9080FFF123083C4E4AF8
:101C40004EEB4E9304385F534E5E4F9CFA23291699
:101C500010014B140B4F084EBE90FE80000026244E
:101C6000FE9300002324B2404E266C2309434743D1
:101C7000173CCA9300001024DA9312000D20BA908A
:101C8000FE80020009240E4A2E530F48B113161C81
:101C90004F970228094A474F3A501E00824A6C2348
:101CA0001A426C233A90A826E42B043C5F43B113FC
:101CB000E619094F099311208B4300008B43020062
:101CC0008B4304008B4306008B4308008B430A00C0
:101CD0008B430C008B430E00073C3D4010000E4927
:101CE0002E530F4BB1134C48471610012B14B01351
:101CF000C86F094FB013C86F1A4240261B424226D4
:101D00004E498E100C4A0D4B0E5F0F43B0132C340E
:101D10000C4A0D4B12C30D100C100E5C0F6D2916E2
:101D2000100182934C23262082934E2323208293FA
:101D300050232020829352231D20829354231A2063
:101D400082935623172082935823142082935A2378
:101D50001120B240FD004C2382434E238243502386
:101D6000824352238243542382435623824358237F
:101D700082435A23B1132A12B113E414B290030020
:101D8000681110383012CBF53012D3F53012D8F577
:101D9000B113883E315006003212301254F6B1139E
:101DA000883E2152B2900300681110383012CBF5F2
:101DB0003012D3F53012D8F5B113883E31500600F9
:101DC0002312301268F6B113883E2152B2900300FC
:101DD000681111383012CBF53012D3F53012D8F526
:101DE000B113883E315006003012030030127CF6E9
:101DF000B113883E2152B29003006811103830129E
:101E0000CBF53012D3F53012D8F5B113883E3150EE
:101E100006000312301289F6B113883E2152B290A7
:101E20000300681111383012CBF53012D3F530129F
:101E3000D8F5B113883E315006003012030030123D
:101E400094F6B113883E2152B29003006811113804
:101E50003012CBF53012D3F53012D8F5B113883EDD
:101E600031500600301207003012AAF6B113883E36
:101E70002152B2900300681110383012CBF53012A5
:101E8000D3F53012D8F5B113883E31500600231235
:101E90003012C2F6B113883E21523D405A000E4323
:101EA0003F404C27B1131C4A3D4010010E433F40B8
:101EB0003A26B1131C4AF2401E004B27F240140090
:101EC0004A27B24000053A2682433C26F2404000B1
:101ED0003E26B24060EA402682434226B113EC1C03
:101EE000824E4426824F4626B240E803482682436B
:101EF0004A26C2434C26B240FE805C2382435E23C6
:101F000082436023824362230312031203120312EB
:101F10004C434D437E4040003F405C23B1137E184C
:101F200031523E40B6273F405C23B113EE1B5C4369
:101F30000D430E433F405C23B1136C1AB240FF02C5
:101F40005C2382435E238243602382436223824375
:101F500064238243662382436823B24000016A23DC
:101F60003F405C23B113241AB240FF025C2382433A
:101F70005E2382436023824362238243642382433D
:101F8000662382436823B24000026A233F405C23F9
:101F9000B113241A3D40001E0E433F40A627B01344
:101FA000AC5210012B143150F0FFB29003006811B5
:101FB0000F383012D8F63012DFF63012E4F6B113D3
:101FC000883E315006003012F3F6B113883E21539B
:101FD000B2900300681104383F40C627B013E86090
:101FE000B29003006811053830120DF7B113883E26
:101FF0002153B2900300681104383F40D627B01334
:10200000E860B2900300681104383F400A00B11341
:102010008A113D4010003E40C6270F41B1134C4885
:102020005942C527B11342303F408423B013466064
:10203000143C3A0B0200DA030D241D4222243D50C9
:102040002C001C42B2273C50D4FF3D50BE274E49C5
:102050000F414A130F4BB013DC600B4F0F93E92372
:10206000B1130E3C31501000291610010B14B29020
:10207000030068110F383012D8F63012DFF6301234
:10208000E4F6B113883E31500600301212F7B11356
:10209000883E2153B2900300681104383F40C627A0
:1020A000B013E860B29003006811053830120DF7E4
:1020B000B113883E2153B2900300681104383F40A9
:1020C000D627B013E860B2900300681104383F408F
:1020D0000A00B1138A11D2423E26C5273D401000A6
:1020E0003E40C627F293D6270D200F4E3F501000DA
:1020F000B1134C483E40D6270F4E3F50F0FFB1136E
:10210000521C153C3F407423B1134C483D40100015
:102110003E40D6270F4E3F50F0FFB1134C483D4094
:1021200010003E4074233F40D627B1134C48B113F2
:1021300042301B4222243B5028003B50BE27FB402C
:1021400081FF0000CB4301008B430200B1130A3032
:102150003FE38B4F0200B290030068110F3830123A
:10216000D8F63012DFF63012E4F6B113883E315063
:10217000060030122EF7B113883E2153B2900300AF
:10218000681104383F40D627B013E860B2900300CE
:1021900068110538301245F7B113883E2153B290CB
:1021A0000300681104383F40C627B013E860B290BE
:1021B0000300681104383F400A00B1138A110B165E
:1021C00010011B144B4F4A4E3F407223B013466020
:1021D0000B3CCF9B020006205D4F03004D9A0C2460
:1021E0007D930A24B013DC600F93F323033C4F1359
:1021F0004F43073C5F43053C3F0F0400DF03F723D9
:10220000F93F1A1610010E4F3F407223B013A6601B
:1022100010014B14494F484E0A4C0B4DF2903A00B6
:10222000A9240A201F4222243F502800CF93BE2712
:102230000338B1130E3CCD3C8293C6271520829300
:10224000C82712208293CA270F208293CC270C2004
:102250008293CE2709208293D02706208293D2270B
:1022600003208293D427E527F293C627E227801321
:10227000C0C94F931120A29368110E383012D8F6BE
:1022800030124CF73012E4F6B113883E315006009C
:102290003F4051F7B113C4473D4010003E40D627A0
:1022A0003F407423B1134C481D42B2273D503000CB
:1022B0003D90010502283D400005824DB227824332
:1022C00022243D50D0FF3E40BE270F4E3F503000ED
:1022D000B1133449F2406000BE27C243BF27824396
:1022E000C027F2403A00C427D2423E26C5273D40CF
:1022F00010003E40C6270F4E3F501000B1134C480F
:10230000F2937423042069929423689392233E40AD
:1023100074233F40C627B113521C174222240D4795
:102320003D5028003D50BE27CD490000CD4801005A
:102330000E4A0F4BB113843A874EEA27874FEC279A
:102340001E42B2273E50D8FF3F40BE27B113DC3AB1
:102350001B4222243B5028003B50BE278B430200E7
:10236000B1130A303FE38B4F0200A2936811143877
:102370003012D8F630124CF73012E4F6B113883E22
:10238000315006004848081249490912301291F7A5
:10239000B113883E31500600A293681104383F40C3
:1023A000D627B013E860A29368110538301245F7BC
:1023B000B113883E2153A293681104383F40C627C9
:1023C000B013E860A293681104383F400A00B113CB
:1023D0008A11471610013B140B4F094E084D0A4C49
:1023E000F2406000BE27C243BF278243C027F240AD
:1023F0003A00C427D2423E26C5270E4C2E523F40FB
:10240000BE27B113DC3A0B931220929368115C380B
:102410003012D8F63012C2F73012E4F6B113883E0B
:10242000315006003F40C6F7B113C4474D3C3D4014
:1024300010000E4B3F40D627B1134C483E40D627E4
:102440000F4E3F50F0FFB113521C1B4222243B5051
:1024500028003B50BE27CB490000CB4801008B43EE
:102460000200B1130A303FE38B4F02000F4A3F5086
:102470002C00824FB227B290030068110F3830123F
:10248000D8F63012DFF63012E4F6B113883E315040
:1024900006003012E5F7B113883E2153B2900300D5
:1024A000681104383F40D627B013E860B2900300AB
:1024B000681108380A12081209123012FFF7B11316
:1024C000883E3152B013D2C1381610013F400C1271
:1024D000B11306223F401412B113062210011B143F
:1024E0003182B290030068110F3830121BF830129D
:1024F00024F8301229F8B113883E3150060030120A
:1025000038F8B113883E2153B290030068110438A3
:102510003F40C627B013E860B29003006811053849
:1025200030124AF8B113883E2153B290030068116B
:1025300004383F40D627B013E860B290030068111A
:10254000053830124FF8B113883E2153B290030082
:10255000681106381F4222243F50EE27B013E8606E
:10256000B2900300681104383F400A00B1138A1189
:10257000F293C52708201F422224FF93EE2703244D
:10258000CF93E72712249293681102348001F42834
:1025900030121BF8301265F8301229F8B113883E5A
:1025A000315006003F4069F8273C82438623B24001
:1025B000140088239A3C0E4D3E502C003E50BE27FE
:1025C000CE9301000120DF3FDE93000071203D50DB
:1025D00036000C9D152C9293681102348001F4286A
:1025E00030121BF8301265F8301229F8B113883E0A
:1025F000315006003F407CF8B113C4478001F428F5
:10260000824E86238293C62716208293C8271320E2
:102610008293CA2710208293CC270D208293CE2745
:102620000A208293D02707208293D2270420829306
:10263000D4270120A83F3D422E530F41B1134C48EF
:102640003F40C627B1136413824F8A230F930D2096
:102650000312301205006C434D430E412E523F4091
:10266000C627B1133C122152353CB1134C130F93C2
:1026700002208001F4283D420E4F1F4286232F5333
:10268000B11320480F930C240E413F408A23B1130D
:10269000A6130F9302348001F4281F428A23053CBD
:1026A0001F428A23CF9311001520EF431100123CE3
:1026B000A29368110F3830121BF83012A2F83012B2
:1026C00029F8B113883E315006003012A7F8B11333
:1026D000883E21531E4288230F4E1F5222245F4FF3
:1026E000EB275F0A0F5E824F88231F4222240D4F83
:1026F0001D5288231C42B2270E4D3E502E000E9CC8
:102700005A2B3F50EE27B113BC19824F8C230F93E5
:1027100002208001F4288293C62715208293C827BF
:1027200012208293CA270F208293CC270C208293F9
:10273000CE2709208293D02706208293D227032018
:102740008293D427D7243F40C627B113BC190F93D7
:102750000124193FB290FF02D62714208293D82774
:1027600011208293DA270E208293DC270B2082939C
:10277000DE270820B2900001E0270420F293E22730
:102780000120093C3F40D627B113BC19829F8C23FE
:102790000224800186253D4010003E40C6270F4E92
:1027A0003F501000B1134C483D4010001E422224FF
:1027B0003E50EE273F40C627B1134C48B1130E3CA4
:1027C000F2406000BE27C243BF278243C0273E407D
:1027D00028003F40BE27B113DC3AF2403A00C4273C
:1027E000F243C5271A4222240B4A3B5028003B5093
:1027F000BE27FB4088FF0000CB4301000F4A3F503B
:102800002C003F50BE27FF40E0FF00003D4010007D
:102810001E428C232E532F52B1134C480F4A3F5067
:1028200040000A4F3A50BE27EF43BE27EA4301005B
:102830003D423E40B6270F4A2F53B1134C483D400E
:1028400006000E430F4A3F500A00B1131C4A8B4347
:102850000200B1130A303FE38B4F02003F405000AB
:10286000B113CA3AB290030068110F3830121BF846
:10287000301224F8301229F8B113883E3150060086
:102880003012C5F8B113883E2153B290030068118D
:1028900004383F40D627B013E860B29003006811B7
:1028A00005383012D4F8B113883E2153B29003009A
:1028B000681104383F40C627B013E860B2900300A7
:1028C0006811053830124FF8B113883E2153B29089
:1028D0000300681106381F4222243F50EE27B01330
:1028E000E860B2900300681107383F400A00B11356
:1028F0008A11023CB1130E3C31521A1610013F40AE
:102900001C12B113062210010B143150F0FF0B4EB4
:102910000E4F0F418013A8C93D4010000E4B0F41D0
:10292000B11320481E430F9301240E430F4E315024
:1029300010000B1610011F428E2310012B14094F9B
:102940000A4E3F409023B0134660053C0A93052091
:102950000F4BB013DC600B4F0A3C199B0600F823A9
:102960000E4A0F4BB11308290F930320F13F0F9329
:10297000ED230F4B291610011B143150EEFF0A4FA7
:102980000F41814E10008013A4C91E4110000F4A50
:10299000B1133C290B4F0E410F4AB1133C293E4065
:1029A0000900023C1B4B10000B9304240B9F0424D2
:1029B0003E53F8230F43013C1F43315012001A16B7
:1029C00010012B14094F0A4DB1133C290B4F0F93E3
:1029D0001A241F4F10000F9316240A931424199FD2
:1029E000060011200E4AB11308290F930C248B9373
:1029F00004000420BB903D0002000528BB403C00C1
:102A000002008B430400291610016B14084F0A4E74
:102A1000074D1641200015412200B1133C290B4FF0
:102A20000E470F48B1133C29094F079321240F93F8
:102A30001F20331233120D430E470F48B1130A2AD9
:102A40002152094F0F9314209293681101340E3CC8
:102A50003012DBF83012E3F83012E7F8B113883E99
:102A6000315006003F40F6F8B113C4470B438B3C8E
:102A70000B9330203F402412B013BA620B4F0F93D8
:102A80002020929368110F383012DBF83012E3F8EF
:102A90003012E7F8B113883E31500600301217F9B2
:102AA000B113883E21539293681103380F4AB01333
:102AB000E86092936811DA3B3F400A00B1138A1133
:102AC000623C8F4310000E4F3F409023B013A6602E
:102AD00092538E238B4806008B4602008B450400E0
:102AE0003D420E4A3E520F4B3F52B1134C480E4AE4
:102AF0000F48B11378290F930D24154B10008B4903
:102B000010000E4A0F48B11378290F9305208B450A
:102B10001000023C8B491000B290030068110F387E
:102B20003012DBF8301234F93012E7F8B113883E76
:102B300031500600301239F9B113883E2153B2905A
:102B40000300681103380F4AB013E860B290030025
:102B500068110538301253F9B113883E2153B290F1
:102B60000300681103380F47B013E860B290030008
:102B70006811093812128E23061230125DF9B11352
:102B8000883E315006000F4B6516100182438E239C
:102B90003F402412B01384623F409023B013406042
:102BA00010013F409023B01346601001B013DC6069
:102BB00010015B143150F0FF074F3F409023B013DA
:102BC0004660094F3640A8C95F3C0F49B013DC602E
:102BD000084F1C4902001D4904000C9341200D932D
:102BE0003F203F409023B0134660053C8F99100072
:102BF0004A24B013DC600F93F923493C0E490F417E
:102C00006613B290030068110F383012DBF83012EF
:102C100034F93012E7F8B113883E31500600301213
:102C20007AF9B113883E2153B2900300681103383A
:102C30000F41B013E860B2900300681104383F40C0
:102C40000A00B1138A110E493F409023B0135C6013
:102C50000E493F402412B013F862B2538E23133C46
:102C60003C9302203D930F240A470B430B9D0228FF
:102C7000079C032C0C8A0D7B023C0C430D43894CB2
:102C80000200894D0400094809939F23053CB29036
:102C900003006811D83BB23F3150100056161001A6
:102CA0001B143F409023B01346600B4F113C0F4B59
:102CB000B013DC600A4F0E4B3F409023B0135C60B2
:102CC0000E4B3F402412B013F862B2538E230B4ACE
:102CD0000B93ED231A1610013B143150E0FF094FFE
:102CE0000A4E084D2B00A8C90E4D0F413F50100051
:102CF0004B131E4810000F414B130D413D50100067
:102D00000E4A0F49B1133A3C0B4F0F9A44340E4A06
:102D10000E8F0F490F5B889310000920301295F930
:102D20000E120F12B113F03E31500600123C301259
:102D3000A4F90E120F12B113F03E315006000B5FD2
:102D40000B9A29340D410E4A0E8B0F490F5BB113BC
:102D50003A3C0B5F0B9A1F341C4802001D480400CC
:102D60003C9302203D930C241D153012AAF90A8BC6
:102D70000A12095B0912B113F03E31500A000A3CF5
:102D80003012C3F90A8B0A12095B0912B113F03E23
:102D9000315006000B5F0F4B3150200038161001E8
:102DA0000B143D530D5E0A3C6C4E8C105B4E0100C3
:102DB0000C5B0F5C0F9C012C1F532E530E9DF42BAC
:102DC00006206E4E8E100F5E0F9E012C1F530B16A9
:102DD00010010B1421834B4F3F40BE27B113EA3A39
:102DE0001F822224814F0000A292681117383012EE
:102DF000D9F93012DEF93012E2F9B113883E3150C0
:102E000006002F411E4222243E5028000E120F12AF
:102E10003012F1F9B113883E315006002F414B4B6F
:102E20003D4020003E40C6270F5BB113A02D2D4131
:102E30001E4222243E5028003E50BE27B113A02D32
:102E40000F9307240E4F8E104E4E4F4F8F100FDEF4
:102E5000013C3F4321530B1610015B14074F5A4F9F
:102E600001005A0A3A5228433640C8C9A43C0947CF
:102E700009585B4901002B530B580A9B122C929363
:102E800068118A383012D9F9301218FA3012E2F982
:102E9000B113883E315006003F401CFAB113C447BD
:102EA0007B3C6F495F93192404287F906300502076
:102EB000263CA29268110E383012D9F93012DEF990
:102EC0003012E2F9B113883E315006003F404EFA0D
:102ED000B113C4470B481B536D3CA29268116A386A
:102EE0003012D9F93012DEF93012E2F9B113883E0E
:102EF000315006003F4065FAB113C4475B3CA292D3
:102F000068110E383012D9F93012DEF93012E2F9B8
:102F1000B113883E315006003F407CFAB113C447DC
:102F20000E480F4766130F934520929368110134A2
:102F3000483C3012D9F9301218FA3012E2F9B113C4
:102F4000883E315006003F4092FAB113C447393CE5
:102F5000A292681111383012D9F93012DEF930120C
:102F6000E2F9B113883E315006006F490F1230125A
:102F7000B4FAB113883E21526F497FF0C0FF7F90B1
:102F800080FF0A247F90C0FF04247F90400012201D
:102F9000183CF293D62715240C493C80BE270D4CD3
:102FA0008D108D118D108D116E436F42B113122251
:102FB0006F43083C084B0F482F530A9F582F4F432D
:102FC000013C5F4356161001B2900105B227092853
:102FD0003C4000050D434E436F43B11312224F4353
:102FE00010015F4310015F42C5276F93092C0C430A
:102FF0000D434E437F400300B11312224F43100193
:103000007F53C24FC5275F4310017F403A00B11381
:10301000D22D10017F401100B113D22D1001B11338
:10302000203CB113221DB113CC24B113FE28B240B1
:10303000000424243F4064288F4300008F431A007B
:1030400010010B14829322244F24A2926811143889
:103050003012D9F93012DEF93012E2F9B113883E9C
:10306000315006001212B227121222243012D3FA63
:10307000B113883E315006001D42B2271B42222464
:103080000E4B3E5028000D9E142C929368110E3862
:103090003012D9F9301218FA3012E2F9B113883E21
:1030A000315006003F400DFBB113C447B1130E3C35
:1030B0001D3CD242A924C4273D50D8FF0D8B3E5061
:1030C000BE273F40E627B11334490F4B3FE31F5360
:1030D000B113AE3A4F930A241E42B2273E50D8FF96
:1030E0003F40BE27B113DC3A5F43013C4F430B1610
:1030F00010012B1421836F9202208001B838B24056
:10310000FA274E28B240FA27B4277F9005001720EF
:103110001F424C288F931000022080014C3A8243BA
:103120005028B240EE274E28B240EE27B427824303
:1031300052288243B227F2424A288001B4381B4207
:10314000B2273B902800182CA2936811023480010A
:103150004C3A3012D9F9301233FB3012E2F9B11384
:10316000883E315006001212B227301238FBB113DC
:10317000883E215280014C3A5F42BE277FF0F0FF2B
:103180007F906000122492936811023480014C3ABF
:103190003012D9F9301218FA3012E2F9B113883E20
:1031A000315006003F4064FB173C3F40BE27B1133F
:1031B000EA3A0B9F152C92936811023480014C3A25
:1031C0003012D9F9301218FA3012E2F9B113883EF0
:1031D000315006003F4074FBB113C44780014C3AA4
:1031E0003F40BE27B113EA3A0E4F3E502800824EB0
:1031F000B2273E908D001728A293681102348001F7
:103200004C3A3012D9F9301233FB3012E2F9B113D3
:10321000883E3150060030128C001212B227301254
:103220009EFB80018A37C243A9243D40A9243F4028
:10323000BE27B1135A3B0F931220929368110234A8
:1032400080014C3A3012D9F9301218FA3012E2F9F2
:10325000B113883E315006003F40C3FBBD3F3F8065
:10326000E627824F2224B290030068110F383012F3
:10327000D9F93012E2FB3012E2F9B113883E315035
:1032800006003012E7FBB113883E2153B2900300D1
:10329000681104383F40C627B013E860B2900300BD
:1032A000681105383012FDFBB113883E2153B290EE
:1032B0000300681104383F40D627B013E860B2908D
:1032C0000300681104383F400A00B1138A11F293D9
:1032D000C627122092936811023480014C3A3012B2
:1032E000D9F9301218FA3012E2F9B113883E315090
:1032F00006003F4002FC703F5C430D411E42B22776
:103300003F40BE27B113F83A0F930D24C19300003C
:103310000A20B1135A2E5F93022080014C3A6F931A
:1033200002208001143A3F40D627B113BC190F93F5
:10333000AD203F40D627B1132A1B0F93A7205F4231
:10334000D6277F935524B290FE80D6275124B29081
:10335000FE80C6274D248293C62715208293C82756
:1033600012208293CA270F208293CC270C208293AD
:10337000CE2709208293D02706208293D2270320CC
:103380008293D42735248293D62702248001863560
:103390008293D8270224800186358293DA2702247B
:1033A000800186358293DC27022480018635829352
:1033B000DE270224800186358293E02702248001E3
:1033C00086358293E227022480018635B29000017F
:1033D000E4270E2480018635B29003006811023480
:1033E0008001143A3F400A00B1138A118001143A57
:1033F000B290FE80C62737208293D627162082936C
:10340000D82713208293DA2710208293DC270D20FF
:103410008293DE270A208293E02707208293E22707
:103420000420B2900001E4271E247F931C243F4017
:10343000D627B1137A194F931620929368110E383C
:103440003012D9F9301218FA3012E2F9B113883E6D
:10345000315006003F4020FCB113C4470C430D43DC
:103460006E4380016C3892936811023480014C3AAB
:103470003012D9F9301218FA3012E2F9B113883E3D
:10348000315006003F4056FC8001D831C243AA2487
:103490005C430D411E42B2273F40BE27B23C7E90A6
:1034A0002C0091247E902D00062C4E930D247E90AE
:1034B0002B00BA20493C7E903B00022080014C3A10
:1034C0007E903C00B120173CA29268110E38301259
:1034D000D9F93012DEF93012E2F9B113883E3150D9
:1034E00006003F408EFCB113C4475F42AA245FB37D
:1034F0009B205FD31C3CA29268110E383012D9F980
:103500003012DEF93012E2F9B113883E3150060074
:103510003F40A4FCB113C4475F42AA246FB3062402
:103520007FB0400081207FD04000013C6FD3C24F6C
:10353000AA240F4BB1135A2E5F93022080014C3AFC
:103540006F9357208001143A5F42AA246FB26C2017
:103550006FD2C24FAA24A29268110E383012D9F944
:103560003012DEF93012E2F9B113883E3150060014
:103570003F40BCFCB113C447CB9303003A248013F3
:10358000CCC90F930E24B113C82F4F930220800192
:10359000143AB113E62F4F9302208001143A8001B0
:1035A000D8339293681140383012D9F9301218FA92
:1035B0003012E2F9B113883E315006003F40D6FC8C
:1035C000B113C447313C92936811023480014C3AE4
:1035D0003012D9F9301218FA3012E2F9B113883EDC
:1035E000315006003012F0FCB113883E21538001A7
:1035F0004C3A1E42B2273E50BE274C430D410E8B23
:103600000F4BB113F83A0B4F0F930E246E417E907F
:1036100006000A247E901100022080015A3A7E9012
:103620003A003D2380016E3A0C4B3C80BE270D4C86
:103630008D108D118D108D115E436F42B1131222CA
:103640009293681102348001143A3012D9F9301281
:1036500018FA3012E2F9B113883E315006003F40AB
:1036600002FDB113C4478001143A3012D9F9301267
:10367000E2FB3012E2F9B113883E315006001F42DE
:1036800022243F5028005F4FBE270F121212B2278C
:10369000301216FDB113883E31500600B1130A30C6
:1036A0003F93132492936811023480014C3A3012F4
:1036B000D9F9301218FA3012E2F9B113883E3150BC
:1036C00006003F4038FD8001D8311F4222243F5080
:1036D00028003F50BE275E4F01006F4FB113C2213B
:1036E0005F931B209293681116383012D9F930126B
:1036F00018FA3012E2F9B113883E315006001F4229
:1037000022243F5028005F4FBE270F1230124CFD7D
:10371000B113883E2152B1130E3C8293B22702248A
:103720008001143A80014C3A3012D9F93012E2FB90
:103730003012E2F9B113883E315006003F4071FD6E
:10374000B113C4471F4222243F5028008F93C4273F
:103750002224B11314303F931E2492936811023433
:1037600080014C3A3012D9F9301218FA3012E2F9CD
:10377000B113883E31500600B11314300F121F42AE
:1037800022241F12EC27301286FDB113883E3150DF
:10379000060080014C3A1A4222243A5028003A503E
:1037A000BE27194A0200099313209293681102342C
:1037B00080014C3A3012D9F9301218FA3012E2F97D
:1037C000B113883E315006003F40A7FD8001D8313B
:1037D000B24054284C28313C1F4B10000F93292431
:1037E000099F27201F4B12000F9302242F9A21209C
:1037F0008B93000015208B93020012208B93040002
:103800000F208B9306000C208B93080009208B93CC
:103810000A0006208B930C0003208B930E002A24B1
:103820003D4010000E4B3F40C627B11320480F9378
:1038300021243B501A00824B4C281B424C283B90C1
:103840008828CA2B929368110E383012D9F9301299
:1038500018FA3012E2F9B113883E315006003F40A9
:10386000B7FDB113C4470C430D436E425F43B11320
:103870001222D03CA29268110E383012D9F93012BF
:10388000DEF93012E2F9B113883E315006003F40B4
:10389000D9FDB113C447B250D0FFB227B240EE27D2
:1038A0004E2882435028E2434A28B240EE27B427EC
:1038B00082435228B013B6C6A29268110E38301255
:1038C000D9F93012DEF93012E2F9B113883E3150E5
:1038D00006003F40E6FDB113C4471E4252280E9336
:1038E000B5240F4E3F503000824FB2273E523F402A
:1038F000BE27B113DC3AF2406000BE27C243BF27A7
:103900001E424C28D24E1400C527F2401100C42795
:103910001F4222243F5028003F50BE271C425228FD
:103920003C524D4C8D108C104C4C0CDD8F4C0400D7
:103930008F4306009F4E100000009F4E12000200B1
:103940003D4010003F40D627B1134C483E40D6279B
:103950000F4E3F50F0FFB113521CB240FA274E28D1
:10396000B2900300681111383012D9F93012E2FB1D
:103970003012E2F9B113883E3150060030123C009B
:103980003012F2FDB113883E2152B290030068114B
:1039900016383012D9F93012E2FB3012E2F9B113C5
:1039A000883E315006005F42F7270F125F42F6272C
:1039B0000F120312301205FEB113883E3152B2903D
:1039C000030068110F383012D9F93012E2FB3012BF
:1039D000E2F9B113883E3150060030120EFEB113E9
:1039E000883E21531B4222243B5028003B50BE27D7
:1039F000B11314303FE38B4F06001F4222243F5087
:103A000028003F50BE278F9306000220BF430600C8
:103A10008243C027B290030068111C383012D9F9D4
:103A20003012E2FB3012E2F9B113883E3150060049
:103A30003F40BE27B113EA3A0F121212B2273012DA
:103A400018FEB113883E31500600043CB1130E3C01
:103A5000C243AA24C2434A28123CB1134230B29056
:103A60000300681102348001443780012837B29086
:103A700003006811023480019C3680016A362153AC
:103A8000291610011B144A4F8A108F104F4F0C4AF1
:103A90000CDF0D434A4E8A100B4E8B104B4B0E43DE
:103AA0000F430F4A0FDB0EDC0FDD1A1610010E4F0D
:103AB0001E52B2273E900105062C825F2224824EC0
:103AC000B2275F4310014F4310013F900105042CC2
:103AD000824FB2275F4310014F4310010D4E8D10EE
:103AE000CF4D0400CF4E050010015E4F04008E1034
:103AF0005F4F05000F5E10014C930624DD4F06005A
:103B000000003C402800063CED4F00005C4F0100E7
:103B10005C0A3C520E9C022C0F4310010F5C6D4D51
:103B20007D90060012247D90110012247D903A00B1
:103B300011240D4C2D530E9DEF2B5D4F01005D0A9E
:103B40003D520C5D0E9C082CE73F3D401400F93FB0
:103B50003D42F73F2D42F53F10012B140A4F094E0D
:103B60000B4D5C43053C0E4A0E8F4C430D4B0E59DA
:103B7000B113F83A0F930A246C4B7C90060006248C
:103B80007C90110003247C903A00ED23291610014B
:103B90002B1421830A4F094E4B4D5C430D41053CCC
:103BA0000E4A0E8F4C430D410E59B113F83A0F9344
:103BB0000C246C414C9B09247C90060006247C90CC
:103BC000110003247C903A00EB236B9101240F43F6
:103BD0002153291610017F92052C4F4F5F021F4F72
:103BE000262410010F4310017F92062C4F4F5F02D5
:103BF0008F4E26241F4310010F4310013D4010003B
:103C00003E4036243F402624B1134C4810018243E5
:103C1000B22782432224C243A924B113FC3B1001E2
:103C20000B143B4036243D4010000E430F4BB113A4
:103C30001C4ABB4300000B1610016B14054F074EC6
:103C40000A4D0E9381240D93092030123CFE0E1272
:103C50000F12B113F03E31500600773C8D930000F7
:103C600024208D93020021208D9304001E208D932B
:103C700006001B208D9308001820BD930A00152014
:103C80005F4D0F000F125F4D0E000F125F4D0D00C4
:103C90000F125F4D0C000F1230124BFE0E12051268
:103CA000B113F03E31500E00503C084309430B4322
:103CB000013C09460F4A0F58664F86105F4F0100BE
:103CC000065F1620099314380649165309933620C7
:103CD00030125EFE0F470F8B0F120F450F5B0F1256
:103CE000B113F03E315006000B5F0B9727282A3C9A
:103CF0001993123408931124301261FE0F470F8B71
:103D00000F120F450F5B0F12B113F03E315006003A
:103D10000B5F0B970228163C39430612301263FEE4
:103D20000F470F8B0F120F450F5B0F12B113F03EB1
:103D300031520B5F0B970128053C064928533890F8
:103D40001000B7230F4B013C0F43651610011F42B3
:103D500046243F53824F46240320B2401C5A200180
:103D600010011F4220013FF0FF003FD0185A824F40
:103D7000200110011F4246241F53824F46241F93E7
:103D80000320B240805A2001100182434624B1131F
:103D9000743DD2C30200D2D3000010010B14B01343
:103DA000A263F2F0EFFF1D00F2B20300FD27F24024
:103DB00005006F00D2B36D00FD235E426E00C2436A
:103DC0006F00E2B20300FD275B426E00F2D01000EC
:103DD0001D0002DFB113623D5BB3E1234F4B0B16B5
:103DE0001001B013C0BFF2D010001E00F2D080FF4F
:103DF0003200F2D010001D00F2D080FF310010011F
:103E00005B14074F094E064C0A4D084F085EB1136C
:103E10009C3DB013A263F2F0EFFF1D00F2B203006D
:103E2000FD27F24003006F00F2B20300FD27C24AF3
:103E30006F00F2B20300FD270B468B108A104BEA8D
:103E40000BEAC24B6F005B4203007BF2FC27C246C9
:103E50006F00D2B36D00FD235E426E000D470B3C38
:103E6000C2436F00E2B20300FD275E426E007EE3B4
:103E7000CD4E00001D530D98F32BF2D010001D0005
:103E800002DF0F49561610010D412D523E4D8F0194
:103E90008A11B113824010011E424A241E930B382E
:103EA0001D424824CD4F00001D53824D48243E53EF
:103EB000824E4A2410013F4310011B142183814E7E
:103EC00000001A4248241B424A240D4E0E4F8F0117
:103ED000983EB11382400F9B04380B5ACB43FFFF2F
:103EE000043C1E424824CE43000021531A16100100
:103EF000924104004824924106004A240E413E505B
:103F00000A001F410800B113BA3E10017B14318230
:103F1000C90F054E0B4D17412C001D412E00064DBB
:103F200086104F464C4D4E474E931134F1403000B1
:103F300000000D478D106DF303247D405800023CB6
:103F40007D407800C14D01000A412A530F3C7EB0EC
:103F500040000424F14030000000043C4C93052450
:103F6000C14D00000A411A53013C0A410A818710E1
:103F700077B20224084F013C38437EF020004720EE
:103F80000C453C531C53CC930000FC230C850B9A2E
:103F900002280B8A013C0B4367B205240B9F0228C1
:103FA0000B8F013C0B43089C012C0C4857B311208C
:103FB000F1402000020004430D43163C0F410F5412
:103FC0006F4F8F111453814C060049131C4106009A
:103FD000013C0443049AF23B044A0A93013404432B
:103FE0000D4AF140300002000C8D814C0400093C68
:103FF0005F4102008F11814D060049131D410600EB
:104000001D531F4104000F5D0F9BF22B023C044324
:104010000D430D84814D0400053C14530D516F4D2B
:104020008F1149130D441F4104000F54814F0200AA
:10403000049AF33B67F205244A460A3C4F461F5157
:104040000200085F0A4F058F0A3C3F4030004913C9
:104050007A537A93FA23F23F8F1149131A530F457B
:104060000F5A6F4F4F9307240A98F623043C3F40A2
:10407000200049131A530A9BFA2B0F4A3152741627
:1040800010017B143150BEFF710F3C000B4D814E6F
:104090004000C1432B00C1432600C1432A00C14355
:1040A00027008143300004430D4381432800084129
:1040B0003850180081481C008001A4470D931D2032
:1040C0007F90250013208143180081431A00814E00
:1040D0004000C1432B00C1432600C1432A00C14315
:1040E00027008143300080019C470B4A8F115113F8
:1040F0003E0091532800800184477F903A002B3482
:104100007F903100BA347F902A008D247F902B005D
:1041100011347F90200073247F90210004347F901D
:104120008AFF4320503C7F90230048247F90250045
:104130003C20DC3F7F902D0058247F902E000434DB
:104140007F902B003220563C7F902E0063247F907E
:1041500030002B207F3C7F906C0039247F906D00D5
:1041600011347F90630092247F90640004347F9028
:1041700058001B20D43C7F906400D4247F906900B9
:104180001420D03C7F90730090247F9074000734FB
:104190007F906F0011247F9070000720AA3C7F90D1
:1041A0007500C2247F907800C224194140001A4152
:1041B00028000A89800172473A42BB3CF1D01000C6
:1041C000180080019E47D1D3180080019E475E41B0
:1041D00018006EF35F41180003246FC36FD2013CD7
:1041E0006FD3C14F180080019E47F1D02000180006
:1041F00080019E47F1402B001A0080019E47F190FC
:104200002B001A00022080019E47F14020001A0076
:1042100080019E47C1932700022480018847D14333
:104220002A0080019E470F4B2F532E4B0E930238CE
:10423000044E0B3CC1932A00022480019647F1D022
:1042400020001800044E34E314530B4FD1432700D1
:1042500080019E4704931120C1932A000E205F41E4
:1042600018005F0F5F03594349CF5E4119005EC3D9
:104270004ED9C14E190080019E470E445E02540A79
:10428000045E3450D0FF8F11045FE03F0A4B2A5385
:104290006F4BC1932A000320C19327002627C14FEB
:1042A0000000C14301000E41033C0A4B2A532E4B30
:1042B000C1932A000524F1D21900C1441B00053C1A
:1042C000C19327000224814430000E9302203E4017
:1042D00066FE11121C0011121C001D4134003F012A
:1042E0004000B1130C3F2152815F28000B4A80012E
:1042F00084470D4B2D532E4B814E1E005F430E9372
:1043000001204F431FF35F0E5E4118007EF0EFFF68
:104310004EDFC14E18000B4D3A401000703CE1D307
:104320001900053CF1D218003A400A00023C3A401C
:1043300010005F4118006FB224240C4B3C522D4BEF
:104340001E4B02001F4B04001B4B0600814D1E003C
:10435000814E2000814F2200814B2400D143260052
:104360000D9306200E9304200F9302200B9302243A
:10437000C14326000B5B0B430B6BC14B2B000B4C5B
:104380003E3C6FB318240D4B2D522E4B1F4B020099
:10439000814E1E00814F2000D14326000E93022043
:1043A0000F930224C14326000F5F0F430F6FC14FCD
:1043B0002B000B4D243C5FF30E4B11242E520F0BA0
:1043C000710F1E00D1432600DF030224C1432600E3
:1043D000D1432B00DF031238C1432B000F3C2E5377
:1043E0002F4B814F1E00D14326000F930224C1435F
:1043F00026000F5F0F430F6FC14F2B000B4EF1B024
:10440000100018001124C19326000E205F411800EF
:104410003A90100003207FD080FF043C3A920420A1
:104420007FD04000C14F18005D4118007DB2452487
:10443000C1932B004224F1402D001A006DB21124CB
:10444000B1E31E00B1E32000B1E32200B1E3240098
:1044500091531E0081632000816322008163240048
:104460002C3C6DB30F241E411E001F4120003EE373
:104470003FE3084E094F1853096381481E008149E4
:1044800020001B3C5DB3132418411E00194120007D
:104490000F493FF00F0012C304184F1000184FD8F7
:1044A00000187FE3AF000100710F1E00063C1F41A2
:1044B0001E003FE31F53814F1E00C14317006DB222
:1044C000682416411E0015412000914122002C0055
:1044D00017412400084138501500814A32000F4A24
:1044E0008F108F118F108F11814F3400814F360044
:1044F000814F38001C4132001D4134001E413600FE
:104500001F4138003F150C460D451E4134000F4732
:10451000B013EE3431523C900A00063409487C5006
:104520003000C84C01000D3C4C4CE1B31900032491
:104530007F403700023C7F40570009484F5CC84F1E
:1045400001001C4132001D4134001E4136001F4154
:1045500038003F150C460D451E4134000F47B0137F
:10456000D4343152064C054D814E2C00074F385340
:104570000C93B3230D93B1230E93AF230F93AD236D
:1045800081431E0081432000814322008143240097
:10459000C23C6DB33A2415411E001641200007416C
:1045A00037501500084A88108811881088110C4A65
:1045B0000D480E450F46B0132C343E900A000634C9
:1045C00009477E503000C74E01000D3C4E4EE1B30E
:1045D000190003247F403700023C7F405700094701
:1045E0004F5EC74F01000C4A0D480E450F46B013F1
:1045F000FE33054E064F37530E93D4230F93D22329
:1046000081431E0081432000863C5DF35B241D41F5
:104610001E001E412000064E36F00F0012C3041883
:104620004610001846DD074137501500084A0A9326
:104630000334801F78D00000C50604184565CD08F6
:1046400004184D6D0C483DF00F000E46C90539F0B9
:104650000F000F49B0132C34814E2C00814F2E00D7
:104660003F012C003F900A00063409477F5030007C
:10467000C74F01000D3C4F4FE1B3190003247E40AA
:104680003700023C7E40570009474E5FC74E01008D
:10469000CD0804184D6D0C483DF00F000E46C805BE
:1046A00038F00F000F48B013FE33814E2C00814FBD
:1046B0002E0036012C003753D603B823CC03710CDF
:1046C0001E00293C17411E000841385015000E4AB3
:1046D0000F47B013BC333F900A00063409487F509F
:1046E0003000C84F01000D3C4F4FE1B319000324C7
:1046F0007E403700023C7E40570009484E5FC84E5E
:1047000001000E4A0F47B013A233074F38530F93DF
:10471000DE2381431E003A900A000224C1431A009E
:10472000C1932A000D241F411C000F892F830F9471
:104730000C2CE1D219004D444D8FC14D1B00053C9E
:10474000C193270002248144300011121C00111271
:104750001C001D4134000E491E533F014000B1139F
:104760000C3F2152815F28000D3C7F498F1151136E
:104770003E000F490F5A19913A00F72B814940002A
:10478000814F28000D430C3C81443000D1432A0066
:10479000C1432700033C0B4FD143270004431D4373
:1047A0001E413A00814E3A00084E91533A007F482C
:1047B0004F9302248001BC401F4128003150420029
:1047C000741610010B140B4F6F4B4F9306241B53A1
:1047D0008F11B1138A110F93F737CB930000052087
:1047E0003F400A00B1138A11013C3F430B161001F0
:1047F0003C406D4E3D40C6411E4234121F423612AF
:10480000B0137C333E5039300F63824E3412824FE6
:1048100036120F4E1001824F3412824336121001AD
:104820001B140D9310240C430B4F0B5C6A4B0B4E67
:104830000B5C6B4B4A9B04244F4A4B4B0F8B043C45
:104840001C530D9CF1230F431A1610013B140D93BA
:104850006F240F9E6D24352C0C4E0CDF1CF31D2491
:104860000C4E0CEF1CF307202D9307280C4E1CF365
:104870002B430B8C033C0B4D013C1B430D8B0C431A
:10488000094E095C0A4F0A5CEA4900001C530C9B64
:10489000F7230B4F0B5C0E5C013C0B4F0C4D5C0384
:1048A0000B240A4C084E094BB948000029533A53CF
:1048B000FB235C020E5C0B5C1DF33A24EB4E000004
:1048C000373C0E5D0C4F0C5D0B4C0BDE1BF31B24B9
:1048D0000B4C0BEE1BF306203D90030003280A4E01
:1048E0001AF3013C0A4D0D8A0B4A3B533AE31A5323
:1048F0000E5A0C5A094E095B0A4C0A5BEA49000041
:104900003B533B93F7230A4D5A030D240B4A084EA1
:10491000094C28832983A94800003B53FA230B8ABA
:104920005B020E5B0C5B1DF30324DC4EFFFFFFFFFD
:10493000381610013B140D936F240F9E6D24352CF7
:104940000C4E0CDF1CF31D240C4E0CEF1CF3072047
:104950002D9307280C4E1CF32B430B8C033C0B4D63
:10496000013C1B430D8B0C43094E095C0A4F0A5C4A
:10497000EA4900001C530C9BF7230B4F0B5C0E5CA9
:10498000013C0B4F0C4D5C030B240A4C084E094BA9
:10499000B948000029533A53FB235C020E5C0B5CC0
:1049A0001DF33A24EB4E0000373C0E5D0C4F0C5DBE
:1049B0000B4C0BDE1BF31B240B4C0BEE1BF30620E6
:1049C0003D90030003280A4E1AF3013C0A4D0D8A5C
:1049D0000B4A3B533AE31A530E5A0C5A094E095BE1
:1049E0000A4C0A5BEA4900003B533B93F7230A4D0C
:1049F0005A030D240B4A084E094C28832983A948E1
:104A000000003B53FA230B8A5B020E5B0C5B1DF329
:104A10000324DC4EFFFFFFFF381610013B143D90CE
:104A20000600092C0D5F0C4F033CCC4E00001C53BC
:104A30000C9DFB231F3C0B4E3BF0FF0003240C4B53
:104A40008C100BDC1FB306243D53CF4E00000A4FE1
:104A50001A53013C0A4F0C4D5C03084A094C884B21
:104A6000000028533953FB235C020C5A1DF3022427
:084A7000CC4E000038161001C5
:0400000300003100C8
:00000001FF
